election,shape type,region,region,Indicator,avg_age,Indicator,greater_99,Indicator,85_99,Indicator,total_voters,Indicator,duplicates
Release 2006,Region,Unknown,Unknown,Average age of voters,48.7669756625,Numbers of voters over 99 years old,7,Number of voters between 85 and 99 years old,29,Total Voters,1367,Number of voter duplications,55
Release 2006,Region,Adjara,Adjara,Average age of voters,43.116781515,Numbers of voters over 99 years old,94,Number of voters between 85 and 99 years old,2118,Total Voters,268088,Number of voter duplications,296
Release 2006,Region,Guria,Guria,Average age of voters,47.9798598763,Numbers of voters over 99 years old,64,Number of voters between 85 and 99 years old,1446,Total Voters,100615,Number of voter duplications,262
Release 2006,Region,Imereti,Imereti,Average age of voters,47.4362636194,Numbers of voters over 99 years old,328,Number of voters between 85 and 99 years old,5586,Total Voters,518177,Number of voter duplications,921
Release 2006,Region,Kakheti,Kakheti,Average age of voters,47.1932029123,Numbers of voters over 99 years old,139,Number of voters between 85 and 99 years old,3286,Total Voters,273620,Number of voter duplications,476
Release 2006,Region,Kvemo Kartli,Kvemo Kartli,Average age of voters,44.8716397481,Numbers of voters over 99 years old,131,Number of voters between 85 and 99 years old,2637,Total Voters,357361,Number of voter duplications,214
Release 2006,Region,Mtskheta-Mtianeti,Mtskheta-Mtianeti,Average age of voters,48.1427789589,Numbers of voters over 99 years old,46,Number of voters between 85 and 99 years old,973,Total Voters,89951,Number of voter duplications,161
Release 2006,Region,Racha-Lechkhumi and Kvemo Svaneti,Racha-Lechkhumi and Kvemo Svaneti,Average age of voters,54.1146626419,Numbers of voters over 99 years old,32,Number of voters between 85 and 99 years old,837,Total Voters,37534,Number of voter duplications,110
Release 2006,Region,Samegrelo-Zemo Svaneti,Samegrelo-Zemo Svaneti,Average age of voters,46.9107244035,Numbers of voters over 99 years old,165,Number of voters between 85 and 99 years old,3908,Total Voters,328238,Number of voter duplications,935
Release 2006,Region,Samtskhe-Javakheti,Samtskhe-Javakheti,Average age of voters,45.0541754086,Numbers of voters over 99 years old,78,Number of voters between 85 and 99 years old,1273,Total Voters,138894,Number of voter duplications,134
Release 2006,Region,Shida Kartli,Shida Kartli,Average age of voters,46.4342840201,Numbers of voters over 99 years old,47,Number of voters between 85 and 99 years old,1766,Total Voters,206760,Number of voter duplications,411
Release 2006,Region,Tbilisi,Tbilisi,Average age of voters,45.3959645693,Numbers of voters over 99 years old,294,Number of voters between 85 and 99 years old,7400,Total Voters,880563,Number of voter duplications,1241
