election,shape type,district_name,district_name,Indicator,avg_age,Indicator,greater_99,Indicator,85_99,Indicator,total_voters,Indicator,duplicates
Release 2006,District,1,Mtatsminda,Average age of voters,46.87022125,Numbers of voters over 99 years old,12,Number of voters between 85 and 99 years old,573,Total Voters,42778,Number of voter duplications,132
Release 2006,District,2,Vake,Average age of voters,47.02678246,Numbers of voters over 99 years old,28,Number of voters between 85 and 99 years old,1201,Total Voters,93632,Number of voter duplications,103
Release 2006,District,3,Saburtalo,Average age of voters,46.33308773,Numbers of voters over 99 years old,57,Number of voters between 85 and 99 years old,1075,Total Voters,100015,Number of voter duplications,198
Release 2006,District,4,Krtsanisi,Average age of voters,44.76902721,Numbers of voters over 99 years old,10,Number of voters between 85 and 99 years old,324,Total Voters,38034,Number of voter duplications,38
Release 2006,District,5,Isani,Average age of voters,44.81752919,Numbers of voters over 99 years old,37,Number of voters between 85 and 99 years old,670,Total Voters,102265,Number of voter duplications,91
Release 2006,District,6,Samgori,Average age of voters,43.8718947,Numbers of voters over 99 years old,41,Number of voters between 85 and 99 years old,671,Total Voters,128491,Number of voter duplications,137
Release 2006,District,7,Chugureti,Average age of voters,45.92594382,Numbers of voters over 99 years old,4,Number of voters between 85 and 99 years old,595,Total Voters,53236,Number of voter duplications,70
Release 2006,District,8,Didube,Average age of voters,47.07128527,Numbers of voters over 99 years old,15,Number of voters between 85 and 99 years old,690,Total Voters,66097,Number of voter duplications,110
Release 2006,District,9,Nadzaladevi,Average age of voters,45.4269639,Numbers of voters over 99 years old,51,Number of voters between 85 and 99 years old,895,Total Voters,123202,Number of voter duplications,118
Release 2006,District,10,Gldani,Average age of voters,43.96186724,Numbers of voters over 99 years old,39,Number of voters between 85 and 99 years old,706,Total Voters,132813,Number of voter duplications,244
Release 2006,District,11,Sagarejo,Average age of voters,45.85608857,Numbers of voters over 99 years old,12,Number of voters between 85 and 99 years old,492,Total Voters,37032,Number of voter duplications,46
Release 2006,District,12,Gurjaani,Average age of voters,48.55549124,Numbers of voters over 99 years old,39,Number of voters between 85 and 99 years old,594,Total Voters,49747,Number of voter duplications,183
Release 2006,District,13,Signagi,Average age of voters,49.05506366,Numbers of voters over 99 years old,9,Number of voters between 85 and 99 years old,500,Total Voters,30036,Number of voter duplications,47
Release 2006,District,14,Dedoplistskaro,Average age of voters,47.89270465,Numbers of voters over 99 years old,9,Number of voters between 85 and 99 years old,337,Total Voters,20706,Number of voter duplications,31
Release 2006,District,15,Lagodekhi,Average age of voters,45.82205303,Numbers of voters over 99 years old,23,Number of voters between 85 and 99 years old,288,Total Voters,32218,Number of voter duplications,93
Release 2006,District,16,Kvareli,Average age of voters,46.77088466,Numbers of voters over 99 years old,10,Number of voters between 85 and 99 years old,253,Total Voters,26231,Number of voter duplications,24
Release 2006,District,17,Telavi,Average age of voters,46.47952112,Numbers of voters over 99 years old,25,Number of voters between 85 and 99 years old,521,Total Voters,51906,Number of voter duplications,24
Release 2006,District,18,Akhmeta,Average age of voters,47.40982591,Numbers of voters over 99 years old,12,Number of voters between 85 and 99 years old,301,Total Voters,25744,Number of voter duplications,28
Release 2006,District,19,Tianeti,Average age of voters,49.87820136,Numbers of voters over 99 years old,9,Number of voters between 85 and 99 years old,207,Total Voters,11010,Number of voter duplications,27
Release 2006,District,20,Rustavi,Average age of voters,43.81735374,Numbers of voters over 99 years old,8,Number of voters between 85 and 99 years old,295,Total Voters,95692,Number of voter duplications,69
Release 2006,District,21,Gardabani,Average age of voters,43.55885713,Numbers of voters over 99 years old,19,Number of voters between 85 and 99 years old,474,Total Voters,69874,Number of voter duplications,47
Release 2006,District,22,Marneuli,Average age of voters,42.42767846,Numbers of voters over 99 years old,24,Number of voters between 85 and 99 years old,544,Total Voters,83050,Number of voter duplications,11
Release 2006,District,23,Bolnisi,Average age of voters,42.97134724,Numbers of voters over 99 years old,22,Number of voters between 85 and 99 years old,395,Total Voters,49010,Number of voter duplications,5
Release 2006,District,24,Dmanisi,Average age of voters,46.35730839,Numbers of voters over 99 years old,24,Number of voters between 85 and 99 years old,251,Total Voters,20417,Number of voter duplications,19
Release 2006,District,25,Tsalka,Average age of voters,47.45664164,Numbers of voters over 99 years old,23,Number of voters between 85 and 99 years old,301,Total Voters,20977,Number of voter duplications,10
Release 2006,District,26,Tetritskaro,Average age of voters,50.36273818,Numbers of voters over 99 years old,11,Number of voters between 85 and 99 years old,377,Total Voters,18341,Number of voter duplications,53
Release 2006,District,27,Mtskheta,Average age of voters,45.45546711,Numbers of voters over 99 years old,14,Number of voters between 85 and 99 years old,306,Total Voters,44013,Number of voter duplications,53
Release 2006,District,28,Dusheti,Average age of voters,49.57426891,Numbers of voters over 99 years old,17,Number of voters between 85 and 99 years old,334,Total Voters,23379,Number of voter duplications,25
Release 2006,District,29,Kazbegi,Average age of voters,45.15575532,Numbers of voters over 99 years old,3,Number of voters between 85 and 99 years old,61,Total Voters,5981,Number of voter duplications,55
Release 2006,District,30,Kaspi,Average age of voters,47.39818199,Numbers of voters over 99 years old,15,Number of voters between 85 and 99 years old,361,Total Voters,35556,Number of voter duplications,21
Release 2006,District,31,Akhalgori,Average age of voters,49.08736518,Numbers of voters over 99 years old,3,Number of voters between 85 and 99 years old,65,Total Voters,5568,Number of voter duplications,1
Release 2006,District,32,Gori,Average age of voters,45.87296057,Numbers of voters over 99 years old,8,Number of voters between 85 and 99 years old,621,Total Voters,86354,Number of voter duplications,168
Release 2006,District,33,Kareli,Average age of voters,46.5773117,Numbers of voters over 99 years old,11,Number of voters between 85 and 99 years old,292,Total Voters,31537,Number of voter duplications,25
Release 2006,District,35,Khashuri,Average age of voters,46.46620717,Numbers of voters over 99 years old,4,Number of voters between 85 and 99 years old,410,Total Voters,44698,Number of voter duplications,29
Release 2006,District,36,Borjomi,Average age of voters,46.2135617,Numbers of voters over 99 years old,15,Number of voters between 85 and 99 years old,293,Total Voters,26414,Number of voter duplications,30
Release 2006,District,37,Akhaltsikhe,Average age of voters,46.96293225,Numbers of voters over 99 years old,14,Number of voters between 85 and 99 years old,326,Total Voters,33272,Number of voter duplications,40
Release 2006,District,38,Adigeni,Average age of voters,44.92049606,Numbers of voters over 99 years old,4,Number of voters between 85 and 99 years old,124,Total Voters,14350,Number of voter duplications,35
Release 2006,District,39,Aspindza,Average age of voters,46.17028107,Numbers of voters over 99 years old,3,Number of voters between 85 and 99 years old,103,Total Voters,9064,Number of voter duplications,15
Release 2006,District,40,Akhalkalaki,Average age of voters,44.56964414,Numbers of voters over 99 years old,37,Number of voters between 85 and 99 years old,299,Total Voters,35607,Number of voter duplications,8
Release 2006,District,41,Ninotsminda,Average age of voters,42.95421265,Numbers of voters over 99 years old,5,Number of voters between 85 and 99 years old,128,Total Voters,20187,Number of voter duplications,6
Release 2006,District,43,Oni,Average age of voters,58.49436834,Numbers of voters over 99 years old,11,Number of voters between 85 and 99 years old,172,Total Voters,6807,Number of voter duplications,20
Release 2006,District,44,Ambrolauri,Average age of voters,56.0851094,Numbers of voters over 99 years old,9,Number of voters between 85 and 99 years old,308,Total Voters,12138,Number of voter duplications,39
Release 2006,District,45,Tsageri,Average age of voters,52.03858845,Numbers of voters over 99 years old,9,Number of voters between 85 and 99 years old,256,Total Voters,12481,Number of voter duplications,28
Release 2006,District,46,Lentekhi,Average age of voters,47.93334449,Numbers of voters over 99 years old,3,Number of voters between 85 and 99 years old,101,Total Voters,6108,Number of voter duplications,23
Release 2006,District,47,Mestia,Average age of voters,46.85862467,Numbers of voters over 99 years old,11,Number of voters between 85 and 99 years old,195,Total Voters,8253,Number of voter duplications,92
Release 2006,District,48,Kharagauli,Average age of voters,49.57619157,Numbers of voters over 99 years old,9,Number of voters between 85 and 99 years old,329,Total Voters,19432,Number of voter duplications,13
Release 2006,District,49,Terjola,Average age of voters,48.50142557,Numbers of voters over 99 years old,26,Number of voters between 85 and 99 years old,493,Total Voters,31707,Number of voter duplications,65
Release 2006,District,50,Sachkhere,Average age of voters,46.77951711,Numbers of voters over 99 years old,19,Number of voters between 85 and 99 years old,366,Total Voters,36840,Number of voter duplications,87
Release 2006,District,51,Zestaponi,Average age of voters,47.10808767,Numbers of voters over 99 years old,11,Number of voters between 85 and 99 years old,640,Total Voters,52847,Number of voter duplications,40
Release 2006,District,52,Bagdati,Average age of voters,48.36718778,Numbers of voters over 99 years old,28,Number of voters between 85 and 99 years old,347,Total Voters,22010,Number of voter duplications,38
Release 2006,District,53,Vani,Average age of voters,49.46181587,Numbers of voters over 99 years old,30,Number of voters between 85 and 99 years old,484,Total Voters,23663,Number of voter duplications,25
Release 2006,District,54,Samtredia,Average age of voters,48.02867373,Numbers of voters over 99 years old,21,Number of voters between 85 and 99 years old,553,Total Voters,43778,Number of voter duplications,224
Release 2006,District,55,Khoni,Average age of voters,48.72361496,Numbers of voters over 99 years old,71,Number of voters between 85 and 99 years old,347,Total Voters,21940,Number of voter duplications,60
Release 2006,District,56,Chiatura,Average age of voters,47.24709893,Numbers of voters over 99 years old,17,Number of voters between 85 and 99 years old,468,Total Voters,43294,Number of voter duplications,85
Release 2006,District,57,Tkibuli,Average age of voters,50.63872888,Numbers of voters over 99 years old,4,Number of voters between 85 and 99 years old,301,Total Voters,24221,Number of voter duplications,39
Release 2006,District,58,Tskaltubo,Average age of voters,47.2653952,Numbers of voters over 99 years old,33,Number of voters between 85 and 99 years old,494,Total Voters,50937,Number of voter duplications,64
Release 2006,District,59,Kutaisi,Average age of voters,44.87330678,Numbers of voters over 99 years old,59,Number of voters between 85 and 99 years old,764,Total Voters,147508,Number of voter duplications,181
Release 2006,District,60,Ozurgeti,Average age of voters,46.92381265,Numbers of voters over 99 years old,37,Number of voters between 85 and 99 years old,709,Total Voters,56356,Number of voter duplications,181
Release 2006,District,61,Lanchkhuti,Average age of voters,48.24299254,Numbers of voters over 99 years old,14,Number of voters between 85 and 99 years old,416,Total Voters,27364,Number of voter duplications,35
Release 2006,District,62,Chokhatauri,Average age of voters,49.30079806,Numbers of voters over 99 years old,13,Number of voters between 85 and 99 years old,321,Total Voters,16895,Number of voter duplications,46
Release 2006,District,63,Abasha,Average age of voters,48.11792509,Numbers of voters over 99 years old,2,Number of voters between 85 and 99 years old,295,Total Voters,19889,Number of voter duplications,37
Release 2006,District,64,Senaki,Average age of voters,47.45078377,Numbers of voters over 99 years old,13,Number of voters between 85 and 99 years old,450,Total Voters,38852,Number of voter duplications,77
Release 2006,District,65,Martvili,Average age of voters,48.0451672,Numbers of voters over 99 years old,16,Number of voters between 85 and 99 years old,429,Total Voters,29408,Number of voter duplications,215
Release 2006,District,66,Khobi,Average age of voters,46.41513526,Numbers of voters over 99 years old,9,Number of voters between 85 and 99 years old,284,Total Voters,27740,Number of voter duplications,55
Release 2006,District,67,Zugdidi,Average age of voters,46.61197063,Numbers of voters over 99 years old,65,Number of voters between 85 and 99 years old,1339,Total Voters,118097,Number of voter duplications,208
Release 2006,District,68,Tsalenjikha,Average age of voters,46.83826085,Numbers of voters over 99 years old,24,Number of voters between 85 and 99 years old,381,Total Voters,28999,Number of voter duplications,52
Release 2006,District,69,Chkhorotsku,Average age of voters,46.89176927,Numbers of voters over 99 years old,17,Number of voters between 85 and 99 years old,284,Total Voters,21485,Number of voter duplications,113
Release 2006,District,70,Poti,Average age of voters,45.21310232,Numbers of voters over 99 years old,8,Number of voters between 85 and 99 years old,251,Total Voters,35515,Number of voter duplications,86
Release 2006,District,79,Batumi,Average age of voters,43.99474188,Numbers of voters over 99 years old,18,Number of voters between 85 and 99 years old,603,Total Voters,92457,Number of voter duplications,122
Release 2006,District,80,Keda,Average age of voters,42.98580735,Numbers of voters over 99 years old,18,Number of voters between 85 and 99 years old,168,Total Voters,14382,Number of voter duplications,5
Release 2006,District,81,Kobuleti,Average age of voters,43.21761993,Numbers of voters over 99 years old,18,Number of voters between 85 and 99 years old,421,Total Voters,60740,Number of voter duplications,45
Release 2006,District,82,Shuakhevi,Average age of voters,43.57095285,Numbers of voters over 99 years old,13,Number of voters between 85 and 99 years old,216,Total Voters,14673,Number of voter duplications,26
Release 2006,District,83,Khelvachauri,Average age of voters,41.88312881,Numbers of voters over 99 years old,13,Number of voters between 85 and 99 years old,361,Total Voters,63050,Number of voter duplications,78
Release 2006,District,84,Khulo,Average age of voters,42.8582565,Numbers of voters over 99 years old,14,Number of voters between 85 and 99 years old,349,Total Voters,22786,Number of voter duplications,20
Release 2006,District,85,Liakhvi,Average age of voters,46.76387164,Numbers of voters over 99 years old,9,Number of voters between 85 and 99 years old,82,Total Voters,8615,Number of voter duplications,168
Release 2006,District,86,Unknown,Average age of voters,48.76697566,Numbers of voters over 99 years old,7,Number of voters between 85 and 99 years old,29,Total Voters,1367,Number of voter duplications,55
