election,shape type,district_id,district_name,Indicator,avg_age,Indicator,greater_99,Indicator,85_99,Indicator,total_voters,Indicator,duplicates
Release 2007,District,1,Mtatsminda,Average age of voters,47.27126389,Numbers of voters over 99 years old,10,Number of voters between 85 and 99 years old,657,Total Voters,44892,Number of voter duplications,771
Release 2007,District,2,Vake,Average age of voters,47.21389048,Numbers of voters over 99 years old,26,Number of voters between 85 and 99 years old,1274,Total Voters,93957,Number of voter duplications,1173
Release 2007,District,3,Saburtalo,Average age of voters,46.48743907,Numbers of voters over 99 years old,61,Number of voters between 85 and 99 years old,1283,Total Voters,114193,Number of voter duplications,1837
Release 2007,District,4,Krtsanisi,Average age of voters,44.85231417,Numbers of voters over 99 years old,11,Number of voters between 85 and 99 years old,419,Total Voters,46880,Number of voter duplications,636
Release 2007,District,5,Isani,Average age of voters,45.37762635,Numbers of voters over 99 years old,34,Number of voters between 85 and 99 years old,872,Total Voters,107110,Number of voter duplications,1396
Release 2007,District,6,Samgori,Average age of voters,44.14031849,Numbers of voters over 99 years old,42,Number of voters between 85 and 99 years old,771,Total Voters,138922,Number of voter duplications,1844
Release 2007,District,7,Chugureti,Average age of voters,45.94765311,Numbers of voters over 99 years old,5,Number of voters between 85 and 99 years old,616,Total Voters,54488,Number of voter duplications,667
Release 2007,District,8,Didube,Average age of voters,47.2796817,Numbers of voters over 99 years old,15,Number of voters between 85 and 99 years old,771,Total Voters,68350,Number of voter duplications,795
Release 2007,District,9,Nadzaladevi,Average age of voters,45.6027229,Numbers of voters over 99 years old,43,Number of voters between 85 and 99 years old,972,Total Voters,127268,Number of voter duplications,1584
Release 2007,District,10,Gldani,Average age of voters,44.26639859,Numbers of voters over 99 years old,49,Number of voters between 85 and 99 years old,819,Total Voters,145340,Number of voter duplications,2457
Release 2007,District,11,Sagarejo,Average age of voters,45.86388715,Numbers of voters over 99 years old,17,Number of voters between 85 and 99 years old,534,Total Voters,39117,Number of voter duplications,247
Release 2007,District,12,Gurjaani,Average age of voters,48.38468635,Numbers of voters over 99 years old,36,Number of voters between 85 and 99 years old,681,Total Voters,54004,Number of voter duplications,327
Release 2007,District,13,Signagi,Average age of voters,48.82281117,Numbers of voters over 99 years old,10,Number of voters between 85 and 99 years old,540,Total Voters,31287,Number of voter duplications,212
Release 2007,District,14,Dedoplistskaro,Average age of voters,47.79112686,Numbers of voters over 99 years old,9,Number of voters between 85 and 99 years old,383,Total Voters,22097,Number of voter duplications,137
Release 2007,District,15,Lagodekhi,Average age of voters,46.44906192,Numbers of voters over 99 years old,29,Number of voters between 85 and 99 years old,374,Total Voters,36433,Number of voter duplications,357
Release 2007,District,16,Kvareli,Average age of voters,46.51635108,Numbers of voters over 99 years old,10,Number of voters between 85 and 99 years old,271,Total Voters,27798,Number of voter duplications,161
Release 2007,District,17,Telavi,Average age of voters,46.43498919,Numbers of voters over 99 years old,30,Number of voters between 85 and 99 years old,613,Total Voters,54950,Number of voter duplications,362
Release 2007,District,18,Akhmeta,Average age of voters,47.26559839,Numbers of voters over 99 years old,11,Number of voters between 85 and 99 years old,367,Total Voters,28120,Number of voter duplications,124
Release 2007,District,19,Tianeti,Average age of voters,49.21204738,Numbers of voters over 99 years old,6,Number of voters between 85 and 99 years old,193,Total Voters,11188,Number of voter duplications,76
Release 2007,District,20,Rustavi,Average age of voters,43.98785448,Numbers of voters over 99 years old,6,Number of voters between 85 and 99 years old,364,Total Voters,100008,Number of voter duplications,741
Release 2007,District,21,Gardabani,Average age of voters,43.60940663,Numbers of voters over 99 years old,24,Number of voters between 85 and 99 years old,498,Total Voters,65155,Number of voter duplications,372
Release 2007,District,22,Marneuli,Average age of voters,43.10128442,Numbers of voters over 99 years old,30,Number of voters between 85 and 99 years old,725,Total Voters,86806,Number of voter duplications,69
Release 2007,District,23,Bolnisi,Average age of voters,43.30452001,Numbers of voters over 99 years old,25,Number of voters between 85 and 99 years old,472,Total Voters,52448,Number of voter duplications,249
Release 2007,District,24,Dmanisi,Average age of voters,46.56784275,Numbers of voters over 99 years old,19,Number of voters between 85 and 99 years old,271,Total Voters,21375,Number of voter duplications,103
Release 2007,District,25,Tsalka,Average age of voters,47.25487248,Numbers of voters over 99 years old,15,Number of voters between 85 and 99 years old,357,Total Voters,22245,Number of voter duplications,142
Release 2007,District,26,Tetritskaro,Average age of voters,50.39522935,Numbers of voters over 99 years old,13,Number of voters between 85 and 99 years old,409,Total Voters,19398,Number of voter duplications,123
Release 2007,District,27,Mtskheta,Average age of voters,45.56866123,Numbers of voters over 99 years old,10,Number of voters between 85 and 99 years old,292,Total Voters,34177,Number of voter duplications,130
Release 2007,District,28,Dusheti,Average age of voters,49.41979058,Numbers of voters over 99 years old,19,Number of voters between 85 and 99 years old,409,Total Voters,25015,Number of voter duplications,153
Release 2007,District,29,Kazbegi,Average age of voters,45.70814706,Numbers of voters over 99 years old,3,Number of voters between 85 and 99 years old,65,Total Voters,6042,Number of voter duplications,123
Release 2007,District,30,Kaspi,Average age of voters,46.96632748,Numbers of voters over 99 years old,17,Number of voters between 85 and 99 years old,382,Total Voters,37336,Number of voter duplications,65
Release 2007,District,31,Akhalgori,Average age of voters,49.40581503,Numbers of voters over 99 years old,4,Number of voters between 85 and 99 years old,68,Total Voters,6044,Number of voter duplications,30
Release 2007,District,32,Gori,Average age of voters,45.62155696,Numbers of voters over 99 years old,12,Number of voters between 85 and 99 years old,742,Total Voters,93654,Number of voter duplications,237
Release 2007,District,33,Kareli,Average age of voters,46.33914334,Numbers of voters over 99 years old,14,Number of voters between 85 and 99 years old,347,Total Voters,34613,Number of voter duplications,197
Release 2007,District,35,Khashuri,Average age of voters,46.40249557,Numbers of voters over 99 years old,5,Number of voters between 85 and 99 years old,458,Total Voters,46943,Number of voter duplications,384
Release 2007,District,36,Borjomi,Average age of voters,46.26213109,Numbers of voters over 99 years old,8,Number of voters between 85 and 99 years old,318,Total Voters,27033,Number of voter duplications,167
Release 2007,District,37,Akhaltsikhe,Average age of voters,46.66042166,Numbers of voters over 99 years old,14,Number of voters between 85 and 99 years old,386,Total Voters,34481,Number of voter duplications,140
Release 2007,District,38,Adigeni,Average age of voters,44.95666441,Numbers of voters over 99 years old,5,Number of voters between 85 and 99 years old,144,Total Voters,15442,Number of voter duplications,130
Release 2007,District,39,Aspindza,Average age of voters,45.99058239,Numbers of voters over 99 years old,5,Number of voters between 85 and 99 years old,111,Total Voters,9628,Number of voter duplications,59
Release 2007,District,40,Akhalkalaki,Average age of voters,44.38148477,Numbers of voters over 99 years old,27,Number of voters between 85 and 99 years old,319,Total Voters,39045,Number of voter duplications,82
Release 2007,District,41,Ninotsminda,Average age of voters,42.72467735,Numbers of voters over 99 years old,8,Number of voters between 85 and 99 years old,129,Total Voters,21445,Number of voter duplications,96
Release 2007,District,43,Oni,Average age of voters,57.59923802,Numbers of voters over 99 years old,9,Number of voters between 85 and 99 years old,205,Total Voters,7170,Number of voter duplications,53
Release 2007,District,44,Ambrolauri,Average age of voters,55.74612653,Numbers of voters over 99 years old,11,Number of voters between 85 and 99 years old,335,Total Voters,12468,Number of voter duplications,104
Release 2007,District,45,Tsageri,Average age of voters,51.61912579,Numbers of voters over 99 years old,9,Number of voters between 85 and 99 years old,255,Total Voters,12865,Number of voter duplications,136
Release 2007,District,46,Lentekhi,Average age of voters,48.3230255,Numbers of voters over 99 years old,3,Number of voters between 85 and 99 years old,108,Total Voters,5942,Number of voter duplications,47
Release 2007,District,47,Mestia,Average age of voters,46.67195674,Numbers of voters over 99 years old,8,Number of voters between 85 and 99 years old,218,Total Voters,8642,Number of voter duplications,173
Release 2007,District,48,Kharagauli,Average age of voters,49.18433562,Numbers of voters over 99 years old,6,Number of voters between 85 and 99 years old,329,Total Voters,20142,Number of voter duplications,95
Release 2007,District,49,Terjola,Average age of voters,48.25743268,Numbers of voters over 99 years old,18,Number of voters between 85 and 99 years old,495,Total Voters,33355,Number of voter duplications,156
Release 2007,District,50,Sachkhere,Average age of voters,46.6180806,Numbers of voters over 99 years old,14,Number of voters between 85 and 99 years old,432,Total Voters,39996,Number of voter duplications,843
Release 2007,District,51,Zestaponi,Average age of voters,46.99344132,Numbers of voters over 99 years old,11,Number of voters between 85 and 99 years old,663,Total Voters,55337,Number of voter duplications,239
Release 2007,District,52,Bagdati,Average age of voters,48.02074775,Numbers of voters over 99 years old,20,Number of voters between 85 and 99 years old,349,Total Voters,23428,Number of voter duplications,252
Release 2007,District,53,Vani,Average age of voters,49.38752614,Numbers of voters over 99 years old,21,Number of voters between 85 and 99 years old,563,Total Voters,25947,Number of voter duplications,125
Release 2007,District,54,Samtredia,Average age of voters,47.64404807,Numbers of voters over 99 years old,20,Number of voters between 85 and 99 years old,604,Total Voters,46032,Number of voter duplications,409
Release 2007,District,55,Khoni,Average age of voters,48.26300107,Numbers of voters over 99 years old,22,Number of voters between 85 and 99 years old,353,Total Voters,23290,Number of voter duplications,208
Release 2007,District,56,Chiatura,Average age of voters,47.09251487,Numbers of voters over 99 years old,13,Number of voters between 85 and 99 years old,466,Total Voters,45385,Number of voter duplications,313
Release 2007,District,57,Tkibuli,Average age of voters,49.86824194,Numbers of voters over 99 years old,4,Number of voters between 85 and 99 years old,317,Total Voters,24770,Number of voter duplications,159
Release 2007,District,58,Tskaltubo,Average age of voters,47.48651694,Numbers of voters over 99 years old,21,Number of voters between 85 and 99 years old,558,Total Voters,52971,Number of voter duplications,216
Release 2007,District,59,Kutaisi,Average age of voters,45.10990344,Numbers of voters over 99 years old,54,Number of voters between 85 and 99 years old,889,Total Voters,153688,Number of voter duplications,1022
Release 2007,District,60,Ozurgeti,Average age of voters,46.87860519,Numbers of voters over 99 years old,28,Number of voters between 85 and 99 years old,777,Total Voters,62428,Number of voter duplications,538
Release 2007,District,61,Lanchkhuti,Average age of voters,48.02247131,Numbers of voters over 99 years old,18,Number of voters between 85 and 99 years old,457,Total Voters,28793,Number of voter duplications,226
Release 2007,District,62,Chokhatauri,Average age of voters,49.32510254,Numbers of voters over 99 years old,11,Number of voters between 85 and 99 years old,332,Total Voters,18016,Number of voter duplications,128
Release 2007,District,63,Abasha,Average age of voters,47.78077182,Numbers of voters over 99 years old,3,Number of voters between 85 and 99 years old,293,Total Voters,20903,Number of voter duplications,121
Release 2007,District,64,Senaki,Average age of voters,47.11225274,Numbers of voters over 99 years old,19,Number of voters between 85 and 99 years old,478,Total Voters,40846,Number of voter duplications,287
Release 2007,District,65,Martvili,Average age of voters,47.88278662,Numbers of voters over 99 years old,17,Number of voters between 85 and 99 years old,517,Total Voters,32939,Number of voter duplications,257
Release 2007,District,66,Khobi,Average age of voters,46.36494893,Numbers of voters over 99 years old,8,Number of voters between 85 and 99 years old,297,Total Voters,28966,Number of voter duplications,241
Release 2007,District,67,Zugdidi,Average age of voters,46.55065328,Numbers of voters over 99 years old,70,Number of voters between 85 and 99 years old,1478,Total Voters,120005,Number of voter duplications,986
Release 2007,District,68,Tsalenjikha,Average age of voters,46.6725969,Numbers of voters over 99 years old,28,Number of voters between 85 and 99 years old,484,Total Voters,34040,Number of voter duplications,4700
Release 2007,District,69,Chkhorotsku,Average age of voters,46.92820744,Numbers of voters over 99 years old,16,Number of voters between 85 and 99 years old,310,Total Voters,22907,Number of voter duplications,302
Release 2007,District,70,Poti,Average age of voters,45.10629809,Numbers of voters over 99 years old,7,Number of voters between 85 and 99 years old,251,Total Voters,37207,Number of voter duplications,310
Release 2007,District,79,Batumi,Average age of voters,44.14751416,Numbers of voters over 99 years old,20,Number of voters between 85 and 99 years old,705,Total Voters,95908,Number of voter duplications,830
Release 2007,District,80,Keda,Average age of voters,43.37568867,Numbers of voters over 99 years old,14,Number of voters between 85 and 99 years old,171,Total Voters,14934,Number of voter duplications,61
Release 2007,District,81,Kobuleti,Average age of voters,43.2528606,Numbers of voters over 99 years old,25,Number of voters between 85 and 99 years old,465,Total Voters,63875,Number of voter duplications,536
Release 2007,District,82,Shuakhevi,Average age of voters,43.63779704,Numbers of voters over 99 years old,11,Number of voters between 85 and 99 years old,231,Total Voters,15194,Number of voter duplications,103
Release 2007,District,83,Khelvachauri,Average age of voters,41.93492808,Numbers of voters over 99 years old,12,Number of voters between 85 and 99 years old,422,Total Voters,65655,Number of voter duplications,484
Release 2007,District,84,Khulo,Average age of voters,43.0754298,Numbers of voters over 99 years old,11,Number of voters between 85 and 99 years old,344,Total Voters,23559,Number of voter duplications,203
Release 2007,District,85,Liakhvi,Average age of voters,46.38133497,Numbers of voters over 99 years old,8,Number of voters between 85 and 99 years old,98,Total Voters,9231,Number of voter duplications,167
Release 2007,District,86,Unknown,Average age of voters,46.52541001,Numbers of voters over 99 years old,3,Number of voters between 85 and 99 years old,25,Total Voters,1275,Number of voter duplications,184
