election,shape type,region,region,Indicator,avg_age,Indicator,greater_99,Indicator,85_99,Indicator,total_voters,Indicator,duplicates
Release 2007,Region,Unknown,Unknown,Average age of voters,46.52541001,Numbers of voters over 99 years old,3,Number of voters between 85 and 99 years old,25,Total Voters,1275,Number of voter duplications,184
Release 2007,Region,Adjara,Adjara,Average age of voters,43.2716167603,Numbers of voters over 99 years old,93,Number of voters between 85 and 99 years old,2338,Total Voters,279125,Number of voter duplications,2217
Release 2007,Region,Guria,Guria,Average age of voters,47.9035290207,Numbers of voters over 99 years old,57,Number of voters between 85 and 99 years old,1566,Total Voters,109237,Number of voter duplications,892
Release 2007,Region,Imereti,Imereti,Average age of voters,47.2743543608,Numbers of voters over 99 years old,224,Number of voters between 85 and 99 years old,6018,Total Voters,544341,Number of voter duplications,4037
Release 2007,Region,Kakheti,Kakheti,Average age of voters,47.1498878739,Numbers of voters over 99 years old,152,Number of voters between 85 and 99 years old,3763,Total Voters,293806,Number of voter duplications,1927
Release 2007,Region,Kvemo Kartli,Kvemo Kartli,Average age of voters,45.0540779802,Numbers of voters over 99 years old,132,Number of voters between 85 and 99 years old,3096,Total Voters,367435,Number of voter duplications,1799
Release 2007,Region,Mtskheta-Mtianeti,Mtskheta-Mtianeti,Average age of voters,48.1515903401,Numbers of voters over 99 years old,42,Number of voters between 85 and 99 years old,1027,Total Voters,82466,Number of voter duplications,512
Release 2007,Region,Racha-Lechkhumi and Kvemo Svaneti,Racha-Lechkhumi and Kvemo Svaneti,Average age of voters,53.6039385336,Numbers of voters over 99 years old,32,Number of voters between 85 and 99 years old,903,Total Voters,38445,Number of voter duplications,340
Release 2007,Region,Samegrelo-Zemo Svaneti,Samegrelo-Zemo Svaneti,Average age of voters,46.7451344585,Numbers of voters over 99 years old,176,Number of voters between 85 and 99 years old,4326,Total Voters,346455,Number of voter duplications,7377
Release 2007,Region,Samtskhe-Javakheti,Samtskhe-Javakheti,Average age of voters,44.9281125968,Numbers of voters over 99 years old,67,Number of voters between 85 and 99 years old,1407,Total Voters,147074,Number of voter duplications,674
Release 2007,Region,Shida Kartli,Shida Kartli,Average age of voters,46.1759044947,Numbers of voters over 99 years old,56,Number of voters between 85 and 99 years old,2027,Total Voters,221777,Number of voter duplications,1050
Release 2007,Region,Tbilisi,Tbilisi,Average age of voters,45.5917025399,Numbers of voters over 99 years old,296,Number of voters between 85 and 99 years old,8454,Total Voters,941400,Number of voter duplications,13160
