election,shape type,region,region,Indicator,avg_age,Indicator,greater_99,Indicator,85_99,Indicator,total_voters,Indicator,duplicates
Release May 2008,Region,Adjara,Adjara,Average age of voters,43.7206107234,Numbers of voters over 99 years old,47,Number of voters between 85 and 99 years old,1573,Total Voters,170469,Number of voter duplications,2
Release May 2008,Region,Guria,Guria,Average age of voters,50.3856738441,Numbers of voters over 99 years old,37,Number of voters between 85 and 99 years old,1381,Total Voters,76882,Number of voter duplications,8
Release May 2008,Region,Imereti,Imereti,Average age of voters,49.5550850222,Numbers of voters over 99 years old,63,Number of voters between 85 and 99 years old,5320,Total Voters,398941,Number of voter duplications,10
Release May 2008,Region,Kakheti,Kakheti,Average age of voters,48.660786682,Numbers of voters over 99 years old,54,Number of voters between 85 and 99 years old,3222,Total Voters,219466,Number of voter duplications,8
Release May 2008,Region,Kvemo Kartli,Kvemo Kartli,Average age of voters,46.7756436457,Numbers of voters over 99 years old,70,Number of voters between 85 and 99 years old,2700,Total Voters,289843,Number of voter duplications,3
Release May 2008,Region,Mtskheta-Mtianeti,Mtskheta-Mtianeti,Average age of voters,49.8832401924,Numbers of voters over 99 years old,23,Number of voters between 85 and 99 years old,917,Total Voters,64535,Number of voter duplications,28
Release May 2008,Region,Racha-Lechkhumi and Kvemo Svaneti,Racha-Lechkhumi and Kvemo Svaneti,Average age of voters,55.7476496518,Numbers of voters over 99 years old,15,Number of voters between 85 and 99 years old,765,Total Voters,27710,Number of voter duplications,0
Release May 2008,Region,Samegrelo-Zemo Svaneti,Samegrelo-Zemo Svaneti,Average age of voters,49.0393486798,Numbers of voters over 99 years old,52,Number of voters between 85 and 99 years old,3130,Total Voters,207224,Number of voter duplications,7
Release May 2008,Region,Samtskhe-Javakheti,Samtskhe-Javakheti,Average age of voters,47.5058323671,Numbers of voters over 99 years old,22,Number of voters between 85 and 99 years old,1358,Total Voters,113171,Number of voter duplications,3
Release May 2008,Region,Shida Kartli,Shida Kartli,Average age of voters,48.743466063,Numbers of voters over 99 years old,26,Number of voters between 85 and 99 years old,1681,Total Voters,152549,Number of voter duplications,3
Release May 2008,Region,Tbilisi,Tbilisi,Average age of voters,47.6274191068,Numbers of voters over 99 years old,159,Number of voters between 85 and 99 years old,7344,Total Voters,674210,Number of voter duplications,36
