election,shape type,region,region,Indicator,avg_age,Indicator,greater_99,Indicator,85_99,Indicator,total_voters,Indicator,duplicates
Release April 2008,Region,Unknown,Unknown,Average age of voters,49.7196411,Numbers of voters over 99 years old,3,Number of voters between 85 and 99 years old,26,Total Voters,1001,Number of voter duplications,21
Release April 2008,Region,Adjara,Adjara,Average age of voters,43.6368145552,Numbers of voters over 99 years old,77,Number of voters between 85 and 99 years old,2636,Total Voters,283770,Number of voter duplications,268
Release April 2008,Region,Guria,Guria,Average age of voters,48.1874195298,Numbers of voters over 99 years old,59,Number of voters between 85 and 99 years old,1797,Total Voters,110801,Number of voter duplications,173
Release April 2008,Region,Imereti,Imereti,Average age of voters,47.694505728,Numbers of voters over 99 years old,100,Number of voters between 85 and 99 years old,6887,Total Voters,553919,Number of voter duplications,617
Release April 2008,Region,Kakheti,Kakheti,Average age of voters,47.1671553258,Numbers of voters over 99 years old,79,Number of voters between 85 and 99 years old,4170,Total Voters,300395,Number of voter duplications,392
Release April 2008,Region,Kvemo Kartli,Kvemo Kartli,Average age of voters,45.2102329833,Numbers of voters over 99 years old,115,Number of voters between 85 and 99 years old,3527,Total Voters,378251,Number of voter duplications,220
Release April 2008,Region,Mtskheta-Mtianeti,Mtskheta-Mtianeti,Average age of voters,48.4704217035,Numbers of voters over 99 years old,34,Number of voters between 85 and 99 years old,1184,Total Voters,84447,Number of voter duplications,100
Release April 2008,Region,Racha-Lechkhumi and Kvemo Svaneti,Racha-Lechkhumi and Kvemo Svaneti,Average age of voters,54.1139120291,Numbers of voters over 99 years old,24,Number of voters between 85 and 99 years old,1008,Total Voters,38339,Number of voter duplications,65
Release April 2008,Region,Samegrelo-Zemo Svaneti,Samegrelo-Zemo Svaneti,Average age of voters,47.326784829,Numbers of voters over 99 years old,122,Number of voters between 85 and 99 years old,5050,Total Voters,352952,Number of voter duplications,774
Release April 2008,Region,Samtskhe-Javakheti,Samtskhe-Javakheti,Average age of voters,45.4398257024,Numbers of voters over 99 years old,31,Number of voters between 85 and 99 years old,1618,Total Voters,149448,Number of voter duplications,95
Release April 2008,Region,Shida Kartli,Shida Kartli,Average age of voters,46.568715536,Numbers of voters over 99 years old,36,Number of voters between 85 and 99 years old,2378,Total Voters,229175,Number of voter duplications,177
Release April 2008,Region,Tbilisi,Tbilisi,Average age of voters,46.0404453803,Numbers of voters over 99 years old,336,Number of voters between 85 and 99 years old,9659,Total Voters,948656,Number of voter duplications,983
