election,shape type,district_id,district_name,Indicator,avg_age,Indicator,greater_99,Indicator,85_99,Indicator,total_voters,Indicator,duplicates
Release January 2008,District,1,Mtatsminda,Average age of voters,47.56102225,Numbers of voters over 99 years old,11,Number of voters between 85 and 99 years old,785,Total Voters,46894,Number of voter duplications,1978
Release January 2008,District,2,Vake,Average age of voters,47.88016082,Numbers of voters over 99 years old,37,Number of voters between 85 and 99 years old,1553,Total Voters,94532,Number of voter duplications,1617
Release January 2008,District,3,Saburtalo,Average age of voters,47.01526737,Numbers of voters over 99 years old,69,Number of voters between 85 and 99 years old,1624,Total Voters,115666,Number of voter duplications,2751
Release January 2008,District,4,Krtsanisi,Average age of voters,44.12554982,Numbers of voters over 99 years old,7,Number of voters between 85 and 99 years old,526,Total Voters,48857,Number of voter duplications,1993
Release January 2008,District,5,Isani,Average age of voters,45.86039986,Numbers of voters over 99 years old,43,Number of voters between 85 and 99 years old,1100,Total Voters,108404,Number of voter duplications,2321
Release January 2008,District,6,Samgori,Average age of voters,44.80021039,Numbers of voters over 99 years old,30,Number of voters between 85 and 99 years old,1011,Total Voters,140844,Number of voter duplications,3429
Release January 2008,District,7,Chugureti,Average age of voters,46.42629951,Numbers of voters over 99 years old,5,Number of voters between 85 and 99 years old,758,Total Voters,54879,Number of voter duplications,1041
Release January 2008,District,8,Didube,Average age of voters,47.59196141,Numbers of voters over 99 years old,13,Number of voters between 85 and 99 years old,958,Total Voters,70123,Number of voter duplications,1804
Release January 2008,District,9,Nadzaladevi,Average age of voters,46.44882975,Numbers of voters over 99 years old,19,Number of voters between 85 and 99 years old,1242,Total Voters,127962,Number of voter duplications,2379
Release January 2008,District,10,Gldani,Average age of voters,45.01326624,Numbers of voters over 99 years old,51,Number of voters between 85 and 99 years old,1007,Total Voters,146563,Number of voter duplications,3416
Release January 2008,District,11,Sagarejo,Average age of voters,46.7655646,Numbers of voters over 99 years old,15,Number of voters between 85 and 99 years old,627,Total Voters,39588,Number of voter duplications,345
Release January 2008,District,12,Gurjaani,Average age of voters,49.00718098,Numbers of voters over 99 years old,22,Number of voters between 85 and 99 years old,775,Total Voters,54069,Number of voter duplications,537
Release January 2008,District,13,Signagi,Average age of voters,49.70990781,Numbers of voters over 99 years old,11,Number of voters between 85 and 99 years old,626,Total Voters,31517,Number of voter duplications,268
Release January 2008,District,14,Dedoplistskaro,Average age of voters,48.51161499,Numbers of voters over 99 years old,5,Number of voters between 85 and 99 years old,456,Total Voters,22556,Number of voter duplications,329
Release January 2008,District,15,Lagodekhi,Average age of voters,46.88119394,Numbers of voters over 99 years old,10,Number of voters between 85 and 99 years old,441,Total Voters,37018,Number of voter duplications,469
Release January 2008,District,16,Kvareli,Average age of voters,47.31191783,Numbers of voters over 99 years old,7,Number of voters between 85 and 99 years old,364,Total Voters,28215,Number of voter duplications,347
Release January 2008,District,17,Telavi,Average age of voters,47.29445576,Numbers of voters over 99 years old,12,Number of voters between 85 and 99 years old,765,Total Voters,55753,Number of voter duplications,534
Release January 2008,District,18,Akhmeta,Average age of voters,47.94299123,Numbers of voters over 99 years old,7,Number of voters between 85 and 99 years old,474,Total Voters,28413,Number of voter duplications,191
Release January 2008,District,19,Tianeti,Average age of voters,49.9466073,Numbers of voters over 99 years old,7,Number of voters between 85 and 99 years old,238,Total Voters,11253,Number of voter duplications,102
Release January 2008,District,20,Rustavi,Average age of voters,44.75728091,Numbers of voters over 99 years old,5,Number of voters between 85 and 99 years old,503,Total Voters,100800,Number of voter duplications,1522
Release January 2008,District,21,Gardabani,Average age of voters,44.05720006,Numbers of voters over 99 years old,23,Number of voters between 85 and 99 years old,589,Total Voters,65867,Number of voter duplications,777
Release January 2008,District,22,Marneuli,Average age of voters,43.87608017,Numbers of voters over 99 years old,37,Number of voters between 85 and 99 years old,769,Total Voters,86887,Number of voter duplications,89
Release January 2008,District,23,Bolnisi,Average age of voters,44.26385609,Numbers of voters over 99 years old,13,Number of voters between 85 and 99 years old,579,Total Voters,52864,Number of voter duplications,270
Release January 2008,District,24,Dmanisi,Average age of voters,47.49989851,Numbers of voters over 99 years old,20,Number of voters between 85 and 99 years old,323,Total Voters,21564,Number of voter duplications,120
Release January 2008,District,25,Tsalka,Average age of voters,48.15946008,Numbers of voters over 99 years old,11,Number of voters between 85 and 99 years old,436,Total Voters,22432,Number of voter duplications,219
Release January 2008,District,26,Tetritskaro,Average age of voters,51.21630546,Numbers of voters over 99 years old,8,Number of voters between 85 and 99 years old,492,Total Voters,19533,Number of voter duplications,190
Release January 2008,District,27,Mtskheta,Average age of voters,46.30145526,Numbers of voters over 99 years old,10,Number of voters between 85 and 99 years old,352,Total Voters,34779,Number of voter duplications,519
Release January 2008,District,28,Dusheti,Average age of voters,50.23352705,Numbers of voters over 99 years old,18,Number of voters between 85 and 99 years old,483,Total Voters,25217,Number of voter duplications,236
Release January 2008,District,29,Kazbegi,Average age of voters,46.66262476,Numbers of voters over 99 years old,1,Number of voters between 85 and 99 years old,75,Total Voters,6060,Number of voter duplications,139
Release January 2008,District,30,Kaspi,Average age of voters,47.86687105,Numbers of voters over 99 years old,9,Number of voters between 85 and 99 years old,483,Total Voters,37577,Number of voter duplications,242
Release January 2008,District,31,Akhalgori,Average age of voters,49.98252611,Numbers of voters over 99 years old,1,Number of voters between 85 and 99 years old,93,Total Voters,6052,Number of voter duplications,53
Release January 2008,District,32,Gori,Average age of voters,46.39035133,Numbers of voters over 99 years old,12,Number of voters between 85 and 99 years old,970,Total Voters,96477,Number of voter duplications,746
Release January 2008,District,33,Kareli,Average age of voters,47.23962905,Numbers of voters over 99 years old,15,Number of voters between 85 and 99 years old,436,Total Voters,34996,Number of voter duplications,346
Release January 2008,District,35,Khashuri,Average age of voters,47.24246533,Numbers of voters over 99 years old,4,Number of voters between 85 and 99 years old,556,Total Voters,47415,Number of voter duplications,581
Release January 2008,District,36,Borjomi,Average age of voters,47.0661631,Numbers of voters over 99 years old,4,Number of voters between 85 and 99 years old,390,Total Voters,27181,Number of voter duplications,305
Release January 2008,District,37,Akhaltsikhe,Average age of voters,46.7002428,Numbers of voters over 99 years old,17,Number of voters between 85 and 99 years old,490,Total Voters,34910,Number of voter duplications,365
Release January 2008,District,38,Adigeni,Average age of voters,45.80018921,Numbers of voters over 99 years old,5,Number of voters between 85 and 99 years old,165,Total Voters,15422,Number of voter duplications,137
Release January 2008,District,39,Aspindza,Average age of voters,46.87568747,Numbers of voters over 99 years old,2,Number of voters between 85 and 99 years old,140,Total Voters,9683,Number of voter duplications,88
Release January 2008,District,40,Akhalkalaki,Average age of voters,45.25249983,Numbers of voters over 99 years old,5,Number of voters between 85 and 99 years old,394,Total Voters,39705,Number of voter duplications,83
Release January 2008,District,41,Ninotsminda,Average age of voters,43.74585566,Numbers of voters over 99 years old,4,Number of voters between 85 and 99 years old,165,Total Voters,21610,Number of voter duplications,101
Release January 2008,District,43,Oni,Average age of voters,58.25540462,Numbers of voters over 99 years old,5,Number of voters between 85 and 99 years old,229,Total Voters,7180,Number of voter duplications,103
Release January 2008,District,44,Ambrolauri,Average age of voters,56.59653817,Numbers of voters over 99 years old,12,Number of voters between 85 and 99 years old,382,Total Voters,12470,Number of voter duplications,125
Release January 2008,District,45,Tsageri,Average age of voters,52.54070696,Numbers of voters over 99 years old,3,Number of voters between 85 and 99 years old,305,Total Voters,12877,Number of voter duplications,152
Release January 2008,District,46,Lentekhi,Average age of voters,49.21096582,Numbers of voters over 99 years old,3,Number of voters between 85 and 99 years old,129,Total Voters,5977,Number of voter duplications,58
Release January 2008,District,47,Mestia,Average age of voters,47.60652018,Numbers of voters over 99 years old,7,Number of voters between 85 and 99 years old,251,Total Voters,8710,Number of voter duplications,201
Release January 2008,District,48,Kharagauli,Average age of voters,49.99132697,Numbers of voters over 99 years old,3,Number of voters between 85 and 99 years old,409,Total Voters,20312,Number of voter duplications,140
Release January 2008,District,49,Terjola,Average age of voters,49.0165738,Numbers of voters over 99 years old,11,Number of voters between 85 and 99 years old,599,Total Voters,33469,Number of voter duplications,221
Release January 2008,District,50,Sachkhere,Average age of voters,47.38274288,Numbers of voters over 99 years old,8,Number of voters between 85 and 99 years old,535,Total Voters,40275,Number of voter duplications,862
Release January 2008,District,51,Zestaponi,Average age of voters,47.85459246,Numbers of voters over 99 years old,10,Number of voters between 85 and 99 years old,818,Total Voters,55687,Number of voter duplications,345
Release January 2008,District,52,Bagdati,Average age of voters,48.83403902,Numbers of voters over 99 years old,7,Number of voters between 85 and 99 years old,383,Total Voters,23478,Number of voter duplications,303
Release January 2008,District,53,Vani,Average age of voters,50.14356654,Numbers of voters over 99 years old,14,Number of voters between 85 and 99 years old,663,Total Voters,26229,Number of voter duplications,168
Release January 2008,District,54,Samtredia,Average age of voters,48.49029426,Numbers of voters over 99 years old,6,Number of voters between 85 and 99 years old,724,Total Voters,46485,Number of voter duplications,529
Release January 2008,District,55,Khoni,Average age of voters,48.49045534,Numbers of voters over 99 years old,10,Number of voters between 85 and 99 years old,430,Total Voters,23567,Number of voter duplications,376
Release January 2008,District,56,Chiatura,Average age of voters,47.96523857,Numbers of voters over 99 years old,13,Number of voters between 85 and 99 years old,631,Total Voters,45883,Number of voter duplications,393
Release January 2008,District,57,Tkibuli,Average age of voters,50.69534638,Numbers of voters over 99 years old,4,Number of voters between 85 and 99 years old,408,Total Voters,24928,Number of voter duplications,229
Release January 2008,District,58,Tskaltubo,Average age of voters,48.00132516,Numbers of voters over 99 years old,12,Number of voters between 85 and 99 years old,657,Total Voters,53285,Number of voter duplications,468
Release January 2008,District,59,Kutaisi,Average age of voters,45.73018141,Numbers of voters over 99 years old,9,Number of voters between 85 and 99 years old,1146,Total Voters,155335,Number of voter duplications,1603
Release January 2008,District,60,Ozurgeti,Average age of voters,47.73740502,Numbers of voters over 99 years old,33,Number of voters between 85 and 99 years old,933,Total Voters,62943,Number of voter duplications,606
Release January 2008,District,61,Lanchkhuti,Average age of voters,48.82153933,Numbers of voters over 99 years old,17,Number of voters between 85 and 99 years old,551,Total Voters,28993,Number of voter duplications,300
Release January 2008,District,62,Chokhatauri,Average age of voters,50.17098985,Numbers of voters over 99 years old,13,Number of voters between 85 and 99 years old,404,Total Voters,18197,Number of voter duplications,151
Release January 2008,District,63,Abasha,Average age of voters,48.62903711,Numbers of voters over 99 years old,1,Number of voters between 85 and 99 years old,361,Total Voters,21076,Number of voter duplications,175
Release January 2008,District,64,Senaki,Average age of voters,47.60763047,Numbers of voters over 99 years old,4,Number of voters between 85 and 99 years old,567,Total Voters,41052,Number of voter duplications,424
Release January 2008,District,65,Martvili,Average age of voters,48.74320618,Numbers of voters over 99 years old,9,Number of voters between 85 and 99 years old,631,Total Voters,33441,Number of voter duplications,351
Release January 2008,District,66,Khobi,Average age of voters,47.24149194,Numbers of voters over 99 years old,9,Number of voters between 85 and 99 years old,365,Total Voters,29160,Number of voter duplications,310
Release January 2008,District,67,Zugdidi,Average age of voters,47.32943689,Numbers of voters over 99 years old,57,Number of voters between 85 and 99 years old,1845,Total Voters,121472,Number of voter duplications,1652
Release January 2008,District,68,Tsalenjikha,Average age of voters,47.54859665,Numbers of voters over 99 years old,23,Number of voters between 85 and 99 years old,526,Total Voters,31287,Number of voter duplications,256
Release January 2008,District,69,Chkhorotsku,Average age of voters,47.66167576,Numbers of voters over 99 years old,6,Number of voters between 85 and 99 years old,362,Total Voters,23035,Number of voter duplications,318
Release January 2008,District,70,Poti,Average age of voters,45.81994027,Numbers of voters over 99 years old,5,Number of voters between 85 and 99 years old,347,Total Voters,37552,Number of voter duplications,561
Release January 2008,District,79,Batumi,Average age of voters,44.89221778,Numbers of voters over 99 years old,10,Number of voters between 85 and 99 years old,884,Total Voters,96098,Number of voter duplications,1098
Release January 2008,District,80,Keda,Average age of voters,44.27012888,Numbers of voters over 99 years old,14,Number of voters between 85 and 99 years old,197,Total Voters,14988,Number of voter duplications,88
Release January 2008,District,81,Kobuleti,Average age of voters,44.20809905,Numbers of voters over 99 years old,23,Number of voters between 85 and 99 years old,565,Total Voters,63759,Number of voter duplications,528
Release January 2008,District,82,Shuakhevi,Average age of voters,44.57426572,Numbers of voters over 99 years old,17,Number of voters between 85 and 99 years old,255,Total Voters,15234,Number of voter duplications,139
Release January 2008,District,83,Khelvachauri,Average age of voters,42.50336791,Numbers of voters over 99 years old,10,Number of voters between 85 and 99 years old,519,Total Voters,67076,Number of voter duplications,671
Release January 2008,District,84,Khulo,Average age of voters,44.04059943,Numbers of voters over 99 years old,11,Number of voters between 85 and 99 years old,393,Total Voters,23510,Number of voter duplications,222
Release January 2008,District,85,Liakhvi,Average age of voters,47.30904601,Numbers of voters over 99 years old,0,Number of voters between 85 and 99 years old,126,Total Voters,9213,Number of voter duplications,191
Release January 2008,District,86,Unknown,Average age of voters,43.20080987,Numbers of voters over 99 years old,3,Number of voters between 85 and 99 years old,28,Total Voters,2080,Number of voter duplications,686
