election,shape type,region,region,Indicator,avg_age,Indicator,greater_99,Indicator,85_99,Indicator,total_voters,Indicator,duplicates
Release January 2008,Region,Unknown,Unknown,Average age of voters,43.2008098675,Numbers of voters over 99 years old,3,Number of voters between 85 and 99 years old,28,Total Voters,2080,Number of voter duplications,686
Release January 2008,Region,Adjara,Adjara,Average age of voters,44.0962382767,Numbers of voters over 99 years old,85,Number of voters between 85 and 99 years old,2813,Total Voters,280665,Number of voter duplications,2746
Release January 2008,Region,Guria,Guria,Average age of voters,48.7418686014,Numbers of voters over 99 years old,63,Number of voters between 85 and 99 years old,1888,Total Voters,110133,Number of voter duplications,1057
Release January 2008,Region,Imereti,Imereti,Average age of voters,47.978037536,Numbers of voters over 99 years old,107,Number of voters between 85 and 99 years old,7403,Total Voters,548933,Number of voter duplications,5637
Release January 2008,Region,Kakheti,Kakheti,Average age of voters,47.8995212259,Numbers of voters over 99 years old,89,Number of voters between 85 and 99 years old,4528,Total Voters,297129,Number of voter duplications,3020
Release January 2008,Region,Kvemo Kartli,Kvemo Kartli,Average age of voters,45.8384223418,Numbers of voters over 99 years old,117,Number of voters between 85 and 99 years old,3691,Total Voters,369947,Number of voter duplications,3187
Release January 2008,Region,Mtskheta-Mtianeti,Mtskheta-Mtianeti,Average age of voters,48.9300099772,Numbers of voters over 99 years old,37,Number of voters between 85 and 99 years old,1241,Total Voters,83361,Number of voter duplications,1049
Release January 2008,Region,Racha-Lechkhumi and Kvemo Svaneti,Racha-Lechkhumi and Kvemo Svaneti,Average age of voters,54.4466239238,Numbers of voters over 99 years old,23,Number of voters between 85 and 99 years old,1045,Total Voters,38504,Number of voter duplications,438
Release January 2008,Region,Samegrelo-Zemo Svaneti,Samegrelo-Zemo Svaneti,Average age of voters,47.5259381554,Numbers of voters over 99 years old,121,Number of voters between 85 and 99 years old,5255,Total Voters,346785,Number of voter duplications,4248
Release January 2008,Region,Samtskhe-Javakheti,Samtskhe-Javakheti,Average age of voters,45.6978951256,Numbers of voters over 99 years old,37,Number of voters between 85 and 99 years old,1744,Total Voters,148511,Number of voter duplications,1079
Release January 2008,Region,Shida Kartli,Shida Kartli,Average age of voters,47.012512093,Numbers of voters over 99 years old,40,Number of voters between 85 and 99 years old,2571,Total Voters,225678,Number of voter duplications,2106
Release January 2008,Region,Tbilisi,Tbilisi,Average age of voters,46.1156886008,Numbers of voters over 99 years old,285,Number of voters between 85 and 99 years old,10564,Total Voters,954724,Number of voter duplications,22729
