election,shape type,district_id,district_name,Indicator,avg_age,Indicator,greater_99,Indicator,85_99,Indicator,total_voters,Indicator,duplicates
Release April 2008,District,1,Mtatsminda,Average age of voters,47.63339645,Numbers of voters over 99 years old,20,Number of voters between 85 and 99 years old,707,Total Voters,44536,Number of voter duplications,67
Release April 2008,District,2,Vake,Average age of voters,47.61269933,Numbers of voters over 99 years old,47,Number of voters between 85 and 99 years old,1426,Total Voters,94753,Number of voter duplications,104
Release April 2008,District,3,Saburtalo,Average age of voters,46.97215444,Numbers of voters over 99 years old,80,Number of voters between 85 and 99 years old,1480,Total Voters,114191,Number of voter duplications,165
Release April 2008,District,4,Krtsanisi,Average age of voters,45.53077754,Numbers of voters over 99 years old,11,Number of voters between 85 and 99 years old,472,Total Voters,46417,Number of voter duplications,35
Release April 2008,District,5,Isani,Average age of voters,45.84449918,Numbers of voters over 99 years old,53,Number of voters between 85 and 99 years old,990,Total Voters,108597,Number of voter duplications,92
Release April 2008,District,6,Samgori,Average age of voters,44.73498593,Numbers of voters over 99 years old,33,Number of voters between 85 and 99 years old,969,Total Voters,140886,Number of voter duplications,147
Release April 2008,District,7,Chugureti,Average age of voters,46.58991374,Numbers of voters over 99 years old,6,Number of voters between 85 and 99 years old,682,Total Voters,54577,Number of voter duplications,45
Release April 2008,District,8,Didube,Average age of voters,47.58912984,Numbers of voters over 99 years old,16,Number of voters between 85 and 99 years old,875,Total Voters,69362,Number of voter duplications,58
Release April 2008,District,9,Nadzaladevi,Average age of voters,45.87784994,Numbers of voters over 99 years old,24,Number of voters between 85 and 99 years old,1129,Total Voters,129140,Number of voter duplications,102
Release April 2008,District,10,Gldani,Average age of voters,44.65839973,Numbers of voters over 99 years old,46,Number of voters between 85 and 99 years old,929,Total Voters,146197,Number of voter duplications,168
Release April 2008,District,11,Sagarejo,Average age of voters,45.64157566,Numbers of voters over 99 years old,13,Number of voters between 85 and 99 years old,608,Total Voters,41001,Number of voter duplications,59
Release April 2008,District,12,Gurjaani,Average age of voters,48.10821088,Numbers of voters over 99 years old,24,Number of voters between 85 and 99 years old,694,Total Voters,54301,Number of voter duplications,79
Release April 2008,District,13,Signagi,Average age of voters,49.21834917,Numbers of voters over 99 years old,7,Number of voters between 85 and 99 years old,560,Total Voters,31599,Number of voter duplications,56
Release April 2008,District,14,Dedoplistskaro,Average age of voters,48.00837204,Numbers of voters over 99 years old,3,Number of voters between 85 and 99 years old,428,Total Voters,22696,Number of voter duplications,23
Release April 2008,District,15,Lagodekhi,Average age of voters,46.22672608,Numbers of voters over 99 years old,7,Number of voters between 85 and 99 years old,370,Total Voters,37247,Number of voter duplications,63
Release April 2008,District,16,Kvareli,Average age of voters,46.79615973,Numbers of voters over 99 years old,7,Number of voters between 85 and 99 years old,346,Total Voters,28774,Number of voter duplications,40
Release April 2008,District,17,Telavi,Average age of voters,46.81644508,Numbers of voters over 99 years old,12,Number of voters between 85 and 99 years old,716,Total Voters,55872,Number of voter duplications,44
Release April 2008,District,18,Akhmeta,Average age of voters,47.2221871,Numbers of voters over 99 years old,6,Number of voters between 85 and 99 years old,448,Total Voters,28905,Number of voter duplications,28
Release April 2008,District,19,Tianeti,Average age of voters,49.49415965,Numbers of voters over 99 years old,7,Number of voters between 85 and 99 years old,229,Total Voters,11351,Number of voter duplications,20
Release April 2008,District,20,Rustavi,Average age of voters,44.46279961,Numbers of voters over 99 years old,7,Number of voters between 85 and 99 years old,476,Total Voters,102819,Number of voter duplications,62
Release April 2008,District,21,Gardabani,Average age of voters,43.92980398,Numbers of voters over 99 years old,21,Number of voters between 85 and 99 years old,575,Total Voters,66769,Number of voter duplications,71
Release April 2008,District,22,Marneuli,Average age of voters,42.91303131,Numbers of voters over 99 years old,39,Number of voters between 85 and 99 years old,775,Total Voters,90810,Number of voter duplications,11
Release April 2008,District,23,Bolnisi,Average age of voters,43.69587991,Numbers of voters over 99 years old,15,Number of voters between 85 and 99 years old,560,Total Voters,54155,Number of voter duplications,26
Release April 2008,District,24,Dmanisi,Average age of voters,46.89123142,Numbers of voters over 99 years old,21,Number of voters between 85 and 99 years old,316,Total Voters,21806,Number of voter duplications,11
Release April 2008,District,25,Tsalka,Average age of voters,47.83921699,Numbers of voters over 99 years old,5,Number of voters between 85 and 99 years old,386,Total Voters,22400,Number of voter duplications,12
Release April 2008,District,26,Tetritskaro,Average age of voters,50.45026368,Numbers of voters over 99 years old,7,Number of voters between 85 and 99 years old,439,Total Voters,19492,Number of voter duplications,27
Release April 2008,District,27,Mtskheta,Average age of voters,46.26749701,Numbers of voters over 99 years old,11,Number of voters between 85 and 99 years old,348,Total Voters,35425,Number of voter duplications,20
Release April 2008,District,28,Dusheti,Average age of voters,49.69055652,Numbers of voters over 99 years old,15,Number of voters between 85 and 99 years old,455,Total Voters,25598,Number of voter duplications,19
Release April 2008,District,29,Kazbegi,Average age of voters,46.24339058,Numbers of voters over 99 years old,0,Number of voters between 85 and 99 years old,72,Total Voters,5941,Number of voter duplications,38
Release April 2008,District,30,Kaspi,Average age of voters,47.31726299,Numbers of voters over 99 years old,6,Number of voters between 85 and 99 years old,445,Total Voters,38238,Number of voter duplications,6
Release April 2008,District,31,Akhalgori,Average age of voters,49.68318328,Numbers of voters over 99 years old,1,Number of voters between 85 and 99 years old,80,Total Voters,6132,Number of voter duplications,3
Release April 2008,District,32,Gori,Average age of voters,45.94443261,Numbers of voters over 99 years old,12,Number of voters between 85 and 99 years old,881,Total Voters,98326,Number of voter duplications,72
Release April 2008,District,33,Kareli,Average age of voters,46.7992091,Numbers of voters over 99 years old,15,Number of voters between 85 and 99 years old,422,Total Voters,35609,Number of voter duplications,37
Release April 2008,District,35,Khashuri,Average age of voters,46.73617919,Numbers of voters over 99 years old,3,Number of voters between 85 and 99 years old,510,Total Voters,48030,Number of voter duplications,37
Release April 2008,District,36,Borjomi,Average age of voters,46.74478779,Numbers of voters over 99 years old,5,Number of voters between 85 and 99 years old,357,Total Voters,27136,Number of voter duplications,20
Release April 2008,District,37,Akhaltsikhe,Average age of voters,46.87169802,Numbers of voters over 99 years old,14,Number of voters between 85 and 99 years old,451,Total Voters,34862,Number of voter duplications,21
Release April 2008,District,38,Adigeni,Average age of voters,45.21328613,Numbers of voters over 99 years old,4,Number of voters between 85 and 99 years old,158,Total Voters,15487,Number of voter duplications,14
Release April 2008,District,39,Aspindza,Average age of voters,46.61223285,Numbers of voters over 99 years old,2,Number of voters between 85 and 99 years old,131,Total Voters,9710,Number of voter duplications,9
Release April 2008,District,40,Akhalkalaki,Average age of voters,44.80520755,Numbers of voters over 99 years old,3,Number of voters between 85 and 99 years old,361,Total Voters,40437,Number of voter duplications,17
Release April 2008,District,41,Ninotsminda,Average age of voters,43.53454979,Numbers of voters over 99 years old,3,Number of voters between 85 and 99 years old,160,Total Voters,21816,Number of voter duplications,14
Release April 2008,District,43,Oni,Average age of voters,58.11718796,Numbers of voters over 99 years old,6,Number of voters between 85 and 99 years old,220,Total Voters,7068,Number of voter duplications,7
Release April 2008,District,44,Ambrolauri,Average age of voters,56.26574922,Numbers of voters over 99 years old,11,Number of voters between 85 and 99 years old,369,Total Voters,12521,Number of voter duplications,14
Release April 2008,District,45,Tsageri,Average age of voters,52.34313391,Numbers of voters over 99 years old,3,Number of voters between 85 and 99 years old,295,Total Voters,12822,Number of voter duplications,34
Release April 2008,District,46,Lentekhi,Average age of voters,49.15934104,Numbers of voters over 99 years old,4,Number of voters between 85 and 99 years old,124,Total Voters,5928,Number of voter duplications,10
Release April 2008,District,47,Mestia,Average age of voters,47.64193546,Numbers of voters over 99 years old,6,Number of voters between 85 and 99 years old,248,Total Voters,8540,Number of voter duplications,30
Release April 2008,District,48,Kharagauli,Average age of voters,49.62005005,Numbers of voters over 99 years old,4,Number of voters between 85 and 99 years old,401,Total Voters,20461,Number of voter duplications,11
Release April 2008,District,49,Terjola,Average age of voters,48.49058071,Numbers of voters over 99 years old,10,Number of voters between 85 and 99 years old,556,Total Voters,33991,Number of voter duplications,33
Release April 2008,District,50,Sachkhere,Average age of voters,46.89998538,Numbers of voters over 99 years old,9,Number of voters between 85 and 99 years old,507,Total Voters,40652,Number of voter duplications,60
Release April 2008,District,51,Zestaponi,Average age of voters,47.40796356,Numbers of voters over 99 years old,9,Number of voters between 85 and 99 years old,760,Total Voters,56197,Number of voter duplications,28
Release April 2008,District,52,Bagdati,Average age of voters,48.42845288,Numbers of voters over 99 years old,4,Number of voters between 85 and 99 years old,359,Total Voters,23302,Number of voter duplications,27
Release April 2008,District,53,Vani,Average age of voters,49.64459795,Numbers of voters over 99 years old,13,Number of voters between 85 and 99 years old,603,Total Voters,26622,Number of voter duplications,15
Release April 2008,District,54,Samtredia,Average age of voters,47.95235504,Numbers of voters over 99 years old,5,Number of voters between 85 and 99 years old,646,Total Voters,47284,Number of voter duplications,84
Release April 2008,District,55,Khoni,Average age of voters,48.76250952,Numbers of voters over 99 years old,11,Number of voters between 85 and 99 years old,429,Total Voters,23842,Number of voter duplications,65
Release April 2008,District,56,Chiatura,Average age of voters,47.61343372,Numbers of voters over 99 years old,9,Number of voters between 85 and 99 years old,586,Total Voters,46010,Number of voter duplications,56
Release April 2008,District,57,Tkibuli,Average age of voters,50.19409686,Numbers of voters over 99 years old,5,Number of voters between 85 and 99 years old,397,Total Voters,25026,Number of voter duplications,35
Release April 2008,District,58,Tskaltubo,Average age of voters,47.92337599,Numbers of voters over 99 years old,12,Number of voters between 85 and 99 years old,608,Total Voters,53512,Number of voter duplications,51
Release April 2008,District,59,Kutaisi,Average age of voters,45.49771308,Numbers of voters over 99 years old,9,Number of voters between 85 and 99 years old,1035,Total Voters,157020,Number of voter duplications,152
Release April 2008,District,60,Ozurgeti,Average age of voters,47.2158087,Numbers of voters over 99 years old,30,Number of voters between 85 and 99 years old,883,Total Voters,63049,Number of voter duplications,100
Release April 2008,District,61,Lanchkhuti,Average age of voters,48.50497911,Numbers of voters over 99 years old,17,Number of voters between 85 and 99 years old,531,Total Voters,29265,Number of voter duplications,48
Release April 2008,District,62,Chokhatauri,Average age of voters,49.45511973,Numbers of voters over 99 years old,12,Number of voters between 85 and 99 years old,383,Total Voters,18487,Number of voter duplications,25
Release April 2008,District,63,Abasha,Average age of voters,48.29429151,Numbers of voters over 99 years old,1,Number of voters between 85 and 99 years old,346,Total Voters,21413,Number of voter duplications,25
Release April 2008,District,64,Senaki,Average age of voters,47.58261064,Numbers of voters over 99 years old,5,Number of voters between 85 and 99 years old,536,Total Voters,41334,Number of voter duplications,52
Release April 2008,District,65,Martvili,Average age of voters,48.28465697,Numbers of voters over 99 years old,11,Number of voters between 85 and 99 years old,586,Total Voters,34171,Number of voter duplications,119
Release April 2008,District,66,Khobi,Average age of voters,46.47518556,Numbers of voters over 99 years old,9,Number of voters between 85 and 99 years old,350,Total Voters,29636,Number of voter duplications,32
Release April 2008,District,67,Zugdidi,Average age of voters,47.01665839,Numbers of voters over 99 years old,58,Number of voters between 85 and 99 years old,1806,Total Voters,125276,Number of voter duplications,246
Release April 2008,District,68,Tsalenjikha,Average age of voters,47.10350745,Numbers of voters over 99 years old,21,Number of voters between 85 and 99 years old,515,Total Voters,31817,Number of voter duplications,78
Release April 2008,District,69,Chkhorotsku,Average age of voters,47.20428465,Numbers of voters over 99 years old,6,Number of voters between 85 and 99 years old,336,Total Voters,23281,Number of voter duplications,118
Release April 2008,District,70,Poti,Average age of voters,46.90114832,Numbers of voters over 99 years old,5,Number of voters between 85 and 99 years old,327,Total Voters,37484,Number of voter duplications,74
Release April 2008,District,79,Batumi,Average age of voters,44.54125717,Numbers of voters over 99 years old,11,Number of voters between 85 and 99 years old,819,Total Voters,96587,Number of voter duplications,80
Release April 2008,District,80,Keda,Average age of voters,43.73273919,Numbers of voters over 99 years old,14,Number of voters between 85 and 99 years old,194,Total Voters,15125,Number of voter duplications,8
Release April 2008,District,81,Kobuleti,Average age of voters,43.58176652,Numbers of voters over 99 years old,21,Number of voters between 85 and 99 years old,533,Total Voters,65391,Number of voter duplications,66
Release April 2008,District,82,Shuakhevi,Average age of voters,44.08283892,Numbers of voters over 99 years old,11,Number of voters between 85 and 99 years old,241,Total Voters,15139,Number of voter duplications,12
Release April 2008,District,83,Khelvachauri,Average age of voters,42.38268209,Numbers of voters over 99 years old,10,Number of voters between 85 and 99 years old,476,Total Voters,67835,Number of voter duplications,90
Release April 2008,District,84,Khulo,Average age of voters,43.45378932,Numbers of voters over 99 years old,10,Number of voters between 85 and 99 years old,373,Total Voters,23693,Number of voter duplications,12
Release April 2008,District,85,Liakhvi,Average age of voters,47.2584925,Numbers of voters over 99 years old,0,Number of voters between 85 and 99 years old,120,Total Voters,8972,Number of voter duplications,25
Release April 2008,District,86,Unknown,Average age of voters,49.7196411,Numbers of voters over 99 years old,3,Number of voters between 85 and 99 years old,26,Total Voters,1001,Number of voter duplications,21
