election,shape type,district_id,district_name,Indicator,avg_age,Indicator,greater_99,Indicator,85_99,Indicator,total_voters,Indicator,duplicates
Release May 2008,District,1,Mtatsminda,Average age of voters,49.1877826458,Numbers of voters over 99 years old,6,Number of voters between 85 and 99 years old,562,Total Voters,32476,Number of voter duplications,1
Release May 2008,District,2,Vake,Average age of voters,49.3718043081,Numbers of voters over 99 years old,19,Number of voters between 85 and 99 years old,1098,Total Voters,64298,Number of voter duplications,3
Release May 2008,District,3,Saburtalo,Average age of voters,48.4739880954,Numbers of voters over 99 years old,29,Number of voters between 85 and 99 years old,1099,Total Voters,80818,Number of voter duplications,5
Release May 2008,District,4,Krtsanisi,Average age of voters,46.5520374437,Numbers of voters over 99 years old,4,Number of voters between 85 and 99 years old,377,Total Voters,35306,Number of voter duplications,1
Release May 2008,District,5,Isani,Average age of voters,47.213078466,Numbers of voters over 99 years old,29,Number of voters between 85 and 99 years old,714,Total Voters,76755,Number of voter duplications,4
Release May 2008,District,6,Samgori,Average age of voters,46.1697950558,Numbers of voters over 99 years old,19,Number of voters between 85 and 99 years old,750,Total Voters,103113,Number of voter duplications,8
Release May 2008,District,7,Chugureti,Average age of voters,48.2158560546,Numbers of voters over 99 years old,2,Number of voters between 85 and 99 years old,540,Total Voters,38829,Number of voter duplications,1
Release May 2008,District,8,Didube,Average age of voters,49.4355961911,Numbers of voters over 99 years old,7,Number of voters between 85 and 99 years old,685,Total Voters,50068,Number of voter duplications,4
Release May 2008,District,9,Nadzaladevi,Average age of voters,47.789342726,Numbers of voters over 99 years old,14,Number of voters between 85 and 99 years old,876,Total Voters,93513,Number of voter duplications,5
Release May 2008,District,10,Gldani,Average age of voters,46.3092701097,Numbers of voters over 99 years old,30,Number of voters between 85 and 99 years old,643,Total Voters,99034,Number of voter duplications,4
Release May 2008,District,11,Sagarejo,Average age of voters,47.1375503465,Numbers of voters over 99 years old,10,Number of voters between 85 and 99 years old,446,Total Voters,30254,Number of voter duplications,1
Release May 2008,District,12,Gurjaani,Average age of voters,49.8331534423,Numbers of voters over 99 years old,13,Number of voters between 85 and 99 years old,564,Total Voters,38909,Number of voter duplications,2
Release May 2008,District,13,Signagi,Average age of voters,51.1882985554,Numbers of voters over 99 years old,6,Number of voters between 85 and 99 years old,468,Total Voters,24400,Number of voter duplications,2
Release May 2008,District,14,Dedoplistskaro,Average age of voters,49.5224901576,Numbers of voters over 99 years old,2,Number of voters between 85 and 99 years old,350,Total Voters,16818,Number of voter duplications,0
Release May 2008,District,15,Lagodekhi,Average age of voters,46.9304491399,Numbers of voters over 99 years old,4,Number of voters between 85 and 99 years old,217,Total Voters,23827,Number of voter duplications,1
Release May 2008,District,16,Kvareli,Average age of voters,48.6457218825,Numbers of voters over 99 years old,6,Number of voters between 85 and 99 years old,290,Total Voters,22126,Number of voter duplications,0
Release May 2008,District,17,Telavi,Average age of voters,48.0561937016,Numbers of voters over 99 years old,10,Number of voters between 85 and 99 years old,570,Total Voters,42716,Number of voter duplications,2
Release May 2008,District,18,Akhmeta,Average age of voters,48.7769751961,Numbers of voters over 99 years old,3,Number of voters between 85 and 99 years old,317,Total Voters,20416,Number of voter duplications,0
Release May 2008,District,19,Tianeti,Average age of voters,51.0131966038,Numbers of voters over 99 years old,4,Number of voters between 85 and 99 years old,182,Total Voters,9101,Number of voter duplications,3
Release May 2008,District,20,Rustavi,Average age of voters,46.0701743899,Numbers of voters over 99 years old,2,Number of voters between 85 and 99 years old,375,Total Voters,77688,Number of voter duplications,2
Release May 2008,District,21,Gardabani,Average age of voters,45.3296585539,Numbers of voters over 99 years old,13,Number of voters between 85 and 99 years old,404,Total Voters,48131,Number of voter duplications,1
Release May 2008,District,22,Marneuli,Average age of voters,44.5631313107,Numbers of voters over 99 years old,24,Number of voters between 85 and 99 years old,584,Total Voters,71640,Number of voter duplications,0
Release May 2008,District,23,Bolnisi,Average age of voters,45.1231816457,Numbers of voters over 99 years old,6,Number of voters between 85 and 99 years old,422,Total Voters,42201,Number of voter duplications,0
Release May 2008,District,24,Dmanisi,Average age of voters,48.6957026495,Numbers of voters over 99 years old,17,Number of voters between 85 and 99 years old,248,Total Voters,17115,Number of voter duplications,0
Release May 2008,District,25,Tsalka,Average age of voters,49.4890785302,Numbers of voters over 99 years old,5,Number of voters between 85 and 99 years old,311,Total Voters,17703,Number of voter duplications,0
Release May 2008,District,26,Tetritskaro,Average age of voters,51.8803116784,Numbers of voters over 99 years old,3,Number of voters between 85 and 99 years old,356,Total Voters,15365,Number of voter duplications,0
Release May 2008,District,27,Mtskheta,Average age of voters,47.8900855267,Numbers of voters over 99 years old,7,Number of voters between 85 and 99 years old,253,Total Voters,25777,Number of voter duplications,5
Release May 2008,District,28,Dusheti,Average age of voters,51.071897308,Numbers of voters over 99 years old,12,Number of voters between 85 and 99 years old,365,Total Voters,20201,Number of voter duplications,1
Release May 2008,District,29,Kazbegi,Average age of voters,47.191286087,Numbers of voters over 99 years old,0,Number of voters between 85 and 99 years old,55,Total Voters,4803,Number of voter duplications,19
Release May 2008,District,30,Kaspi,Average age of voters,49.720835931,Numbers of voters over 99 years old,4,Number of voters between 85 and 99 years old,354,Total Voters,26962,Number of voter duplications,1
Release May 2008,District,31,Akhalgori,Average age of voters,50.7812119294,Numbers of voters over 99 years old,0,Number of voters between 85 and 99 years old,62,Total Voters,4653,Number of voter duplications,0
Release May 2008,District,32,Gori,Average age of voters,48.6999505564,Numbers of voters over 99 years old,8,Number of voters between 85 and 99 years old,624,Total Voters,65085,Number of voter duplications,1
Release May 2008,District,33,Kareli,Average age of voters,48.9230482413,Numbers of voters over 99 years old,13,Number of voters between 85 and 99 years old,305,Total Voters,24280,Number of voter duplications,0
Release May 2008,District,35,Khashuri,Average age of voters,48.4879339865,Numbers of voters over 99 years old,1,Number of voters between 85 and 99 years old,396,Total Voters,36194,Number of voter duplications,1
Release May 2008,District,36,Borjomi,Average age of voters,48.820636397,Numbers of voters over 99 years old,3,Number of voters between 85 and 99 years old,300,Total Voters,19635,Number of voter duplications,3
Release May 2008,District,37,Akhaltsikhe,Average age of voters,48.6738296712,Numbers of voters over 99 years old,9,Number of voters between 85 and 99 years old,368,Total Voters,27631,Number of voter duplications,0
Release May 2008,District,38,Adigeni,Average age of voters,47.509164179,Numbers of voters over 99 years old,3,Number of voters between 85 and 99 years old,127,Total Voters,11269,Number of voter duplications,0
Release May 2008,District,39,Aspindza,Average age of voters,49.1177215826,Numbers of voters over 99 years old,1,Number of voters between 85 and 99 years old,104,Total Voters,7283,Number of voter duplications,0
Release May 2008,District,40,Akhalkalaki,Average age of voters,46.8737729311,Numbers of voters over 99 years old,3,Number of voters between 85 and 99 years old,312,Total Voters,30251,Number of voter duplications,0
Release May 2008,District,41,Ninotsminda,Average age of voters,45.4722224012,Numbers of voters over 99 years old,3,Number of voters between 85 and 99 years old,147,Total Voters,17102,Number of voter duplications,0
Release May 2008,District,43,Oni,Average age of voters,61.0598886583,Numbers of voters over 99 years old,4,Number of voters between 85 and 99 years old,168,Total Voters,4893,Number of voter duplications,0
Release May 2008,District,44,Ambrolauri,Average age of voters,57.6655091924,Numbers of voters over 99 years old,8,Number of voters between 85 and 99 years old,286,Total Voters,9768,Number of voter duplications,0
Release May 2008,District,45,Tsageri,Average age of voters,53.7018741379,Numbers of voters over 99 years old,1,Number of voters between 85 and 99 years old,228,Total Voters,9237,Number of voter duplications,0
Release May 2008,District,46,Lentekhi,Average age of voters,50.2843744476,Numbers of voters over 99 years old,2,Number of voters between 85 and 99 years old,83,Total Voters,3812,Number of voter duplications,0
Release May 2008,District,47,Mestia,Average age of voters,48.3564734008,Numbers of voters over 99 years old,4,Number of voters between 85 and 99 years old,156,Total Voters,5676,Number of voter duplications,1
Release May 2008,District,48,Kharagauli,Average age of voters,51.8365682189,Numbers of voters over 99 years old,2,Number of voters between 85 and 99 years old,327,Total Voters,16019,Number of voter duplications,1
Release May 2008,District,49,Terjola,Average age of voters,50.6417188844,Numbers of voters over 99 years old,8,Number of voters between 85 and 99 years old,456,Total Voters,24944,Number of voter duplications,0
Release May 2008,District,50,Sachkhere,Average age of voters,49.28918823,Numbers of voters over 99 years old,3,Number of voters between 85 and 99 years old,381,Total Voters,27959,Number of voter duplications,2
Release May 2008,District,51,Zestaponi,Average age of voters,49.6989498089,Numbers of voters over 99 years old,9,Number of voters between 85 and 99 years old,651,Total Voters,42337,Number of voter duplications,0
Release May 2008,District,52,Bagdati,Average age of voters,50.3379507422,Numbers of voters over 99 years old,3,Number of voters between 85 and 99 years old,303,Total Voters,17324,Number of voter duplications,1
Release May 2008,District,53,Vani,Average age of voters,51.5857434926,Numbers of voters over 99 years old,8,Number of voters between 85 and 99 years old,481,Total Voters,19156,Number of voter duplications,1
Release May 2008,District,54,Samtredia,Average age of voters,50.2564349127,Numbers of voters over 99 years old,3,Number of voters between 85 and 99 years old,475,Total Voters,31250,Number of voter duplications,0
Release May 2008,District,55,Khoni,Average age of voters,48.7581060998,Numbers of voters over 99 years old,8,Number of voters between 85 and 99 years old,250,Total Voters,14138,Number of voter duplications,0
Release May 2008,District,56,Chiatura,Average age of voters,49.5019134496,Numbers of voters over 99 years old,7,Number of voters between 85 and 99 years old,475,Total Voters,33934,Number of voter duplications,2
Release May 2008,District,57,Tkibuli,Average age of voters,52.3013768389,Numbers of voters over 99 years old,4,Number of voters between 85 and 99 years old,336,Total Voters,19350,Number of voter duplications,0
Release May 2008,District,58,Tskaltubo,Average age of voters,49.3799071603,Numbers of voters over 99 years old,5,Number of voters between 85 and 99 years old,422,Total Voters,36810,Number of voter duplications,2
Release May 2008,District,59,Kutaisi,Average age of voters,46.9533028852,Numbers of voters over 99 years old,3,Number of voters between 85 and 99 years old,763,Total Voters,115720,Number of voter duplications,1
Release May 2008,District,60,Ozurgeti,Average age of voters,49.0782521862,Numbers of voters over 99 years old,15,Number of voters between 85 and 99 years old,631,Total Voters,42235,Number of voter duplications,2
Release May 2008,District,61,Lanchkhuti,Average age of voters,51.1475606943,Numbers of voters over 99 years old,13,Number of voters between 85 and 99 years old,435,Total Voters,21175,Number of voter duplications,3
Release May 2008,District,62,Chokhatauri,Average age of voters,51.7569486462,Numbers of voters over 99 years old,9,Number of voters between 85 and 99 years old,315,Total Voters,13472,Number of voter duplications,3
Release May 2008,District,63,Abasha,Average age of voters,50.7503404562,Numbers of voters over 99 years old,1,Number of voters between 85 and 99 years old,279,Total Voters,14576,Number of voter duplications,0
Release May 2008,District,64,Senaki,Average age of voters,49.8237373052,Numbers of voters over 99 years old,3,Number of voters between 85 and 99 years old,389,Total Voters,25856,Number of voter duplications,1
Release May 2008,District,65,Martvili,Average age of voters,50.752152262,Numbers of voters over 99 years old,4,Number of voters between 85 and 99 years old,400,Total Voters,20278,Number of voter duplications,0
Release May 2008,District,66,Khobi,Average age of voters,49.3454055308,Numbers of voters over 99 years old,5,Number of voters between 85 and 99 years old,257,Total Voters,18886,Number of voter duplications,1
Release May 2008,District,67,Zugdidi,Average age of voters,48.3264290584,Numbers of voters over 99 years old,17,Number of voters between 85 and 99 years old,874,Total Voters,64117,Number of voter duplications,0
Release May 2008,District,68,Tsalenjikha,Average age of voters,48.3339372812,Numbers of voters over 99 years old,13,Number of voters between 85 and 99 years old,309,Total Voters,18616,Number of voter duplications,0
Release May 2008,District,69,Chkhorotsku,Average age of voters,49.5307360693,Numbers of voters over 99 years old,4,Number of voters between 85 and 99 years old,252,Total Voters,15346,Number of voter duplications,0
Release May 2008,District,70,Poti,Average age of voters,47.4727300145,Numbers of voters over 99 years old,1,Number of voters between 85 and 99 years old,214,Total Voters,23873,Number of voter duplications,4
Release May 2008,District,79,Batumi,Average age of voters,46.5476185118,Numbers of voters over 99 years old,8,Number of voters between 85 and 99 years old,657,Total Voters,70286,Number of voter duplications,0
Release May 2008,District,80,Keda,Average age of voters,45.2873664579,Numbers of voters over 99 years old,10,Number of voters between 85 and 99 years old,146,Total Voters,11668,Number of voter duplications,0
Release May 2008,District,81,Kobuleti,Average age of voters,45.6555282423,Numbers of voters over 99 years old,14,Number of voters between 85 and 99 years old,423,Total Voters,47672,Number of voter duplications,1
Release May 2008,District,82,Shuakhevi,Average age of voters,46.0224172072,Numbers of voters over 99 years old,10,Number of voters between 85 and 99 years old,193,Total Voters,11708,Number of voter duplications,0
Release May 2008,District,83,Khelvachauri,Average age of voters,42.9081086857,Numbers of voters over 99 years old,4,Number of voters between 85 and 99 years old,149,Total Voters,28925,Number of voter duplications,1
Release May 2008,District,84,Khulo,Average age of voters,34.3348531903,Numbers of voters over 99 years old,1,Number of voters between 85 and 99 years old,5,Total Voters,210,Number of voter duplications,0
Release May 2008,District,85,Liakhvi,Average age of voters,46.5319444444,Numbers of voters over 99 years old,0,Number of voters between 85 and 99 years old,2,Total Voters,28,Number of voter duplications,0
