election,shape type,district_id,district_name,Indicator,avg_age,Indicator,greater_99,Indicator,85_99,Indicator,total_voters,Indicator,duplicates
Release 2009,District,1,Mtatsminda,Average age of voters,48.4337084581,Numbers of voters over 99 years old,18,Number of voters between 85 and 99 years old,852,Total Voters,44467,Number of voter duplications,81
Release 2009,District,2,Vake,Average age of voters,48.4560946418,Numbers of voters over 99 years old,47,Number of voters between 85 and 99 years old,1755,Total Voters,95284,Number of voter duplications,170
Release 2009,District,3,Saburtalo,Average age of voters,47.6860316209,Numbers of voters over 99 years old,50,Number of voters between 85 and 99 years old,1848,Total Voters,115949,Number of voter duplications,231
Release 2009,District,4,Krtsanisi,Average age of voters,46.3074100131,Numbers of voters over 99 years old,13,Number of voters between 85 and 99 years old,575,Total Voters,46451,Number of voter duplications,64
Release 2009,District,5,Isani,Average age of voters,46.5941090577,Numbers of voters over 99 years old,50,Number of voters between 85 and 99 years old,1205,Total Voters,109134,Number of voter duplications,131
Release 2009,District,6,Samgori,Average age of voters,45.486813063,Numbers of voters over 99 years old,31,Number of voters between 85 and 99 years old,1223,Total Voters,141596,Number of voter duplications,199
Release 2009,District,7,Chugureti,Average age of voters,47.1836049669,Numbers of voters over 99 years old,3,Number of voters between 85 and 99 years old,878,Total Voters,54644,Number of voter duplications,84
Release 2009,District,8,Didube,Average age of voters,48.3878708633,Numbers of voters over 99 years old,15,Number of voters between 85 and 99 years old,1109,Total Voters,69436,Number of voter duplications,127
Release 2009,District,9,Nadzaladevi,Average age of voters,46.7176879467,Numbers of voters over 99 years old,17,Number of voters between 85 and 99 years old,1470,Total Voters,129829,Number of voter duplications,161
Release 2009,District,10,Gldani,Average age of voters,45.4545302969,Numbers of voters over 99 years old,42,Number of voters between 85 and 99 years old,1172,Total Voters,146300,Number of voter duplications,504
Release 2009,District,11,Sagarejo,Average age of voters,46.3878513407,Numbers of voters over 99 years old,15,Number of voters between 85 and 99 years old,710,Total Voters,41849,Number of voter duplications,15
Release 2009,District,12,Gurjaani,Average age of voters,48.8517925201,Numbers of voters over 99 years old,16,Number of voters between 85 and 99 years old,875,Total Voters,55182,Number of voter duplications,35
Release 2009,District,13,Signagi,Average age of voters,49.8572666487,Numbers of voters over 99 years old,7,Number of voters between 85 and 99 years old,690,Total Voters,31718,Number of voter duplications,19
Release 2009,District,14,Dedoplistskaro,Average age of voters,48.7205578584,Numbers of voters over 99 years old,6,Number of voters between 85 and 99 years old,526,Total Voters,22958,Number of voter duplications,12
Release 2009,District,15,Lagodekhi,Average age of voters,46.7243268792,Numbers of voters over 99 years old,8,Number of voters between 85 and 99 years old,431,Total Voters,37721,Number of voter duplications,47
Release 2009,District,16,Kvareli,Average age of voters,47.4967732485,Numbers of voters over 99 years old,9,Number of voters between 85 and 99 years old,435,Total Voters,29048,Number of voter duplications,9
Release 2009,District,17,Telavi,Average age of voters,47.5614777065,Numbers of voters over 99 years old,12,Number of voters between 85 and 99 years old,885,Total Voters,56278,Number of voter duplications,27
Release 2009,District,18,Akhmeta,Average age of voters,47.9978090731,Numbers of voters over 99 years old,6,Number of voters between 85 and 99 years old,570,Total Voters,29272,Number of voter duplications,15
Release 2009,District,19,Tianeti,Average age of voters,50.0291417687,Numbers of voters over 99 years old,7,Number of voters between 85 and 99 years old,275,Total Voters,11495,Number of voter duplications,13
Release 2009,District,20,Rustavi,Average age of voters,45.2227998032,Numbers of voters over 99 years old,3,Number of voters between 85 and 99 years old,600,Total Voters,103099,Number of voter duplications,70
Release 2009,District,21,Gardabani,Average age of voters,44.7912816309,Numbers of voters over 99 years old,22,Number of voters between 85 and 99 years old,720,Total Voters,67634,Number of voter duplications,43
Release 2009,District,22,Marneuli,Average age of voters,43.7302294479,Numbers of voters over 99 years old,45,Number of voters between 85 and 99 years old,883,Total Voters,91161,Number of voter duplications,8
Release 2009,District,23,Bolnisi,Average age of voters,44.5440708517,Numbers of voters over 99 years old,14,Number of voters between 85 and 99 years old,650,Total Voters,54509,Number of voter duplications,21
Release 2009,District,24,Dmanisi,Average age of voters,47.6995705266,Numbers of voters over 99 years old,26,Number of voters between 85 and 99 years old,384,Total Voters,21875,Number of voter duplications,9
Release 2009,District,25,Tsalka,Average age of voters,48.5503313894,Numbers of voters over 99 years old,7,Number of voters between 85 and 99 years old,477,Total Voters,22650,Number of voter duplications,10
Release 2009,District,26,Tetritskaro,Average age of voters,51.0299488858,Numbers of voters over 99 years old,7,Number of voters between 85 and 99 years old,563,Total Voters,19844,Number of voter duplications,26
Release 2009,District,27,Mtskheta,Average age of voters,46.8426377285,Numbers of voters over 99 years old,8,Number of voters between 85 and 99 years old,409,Total Voters,35671,Number of voter duplications,20
Release 2009,District,28,Dusheti,Average age of voters,50.2736354197,Numbers of voters over 99 years old,14,Number of voters between 85 and 99 years old,595,Total Voters,25792,Number of voter duplications,9
Release 2009,District,29,Kazbegi,Average age of voters,47.1000109123,Numbers of voters over 99 years old,0,Number of voters between 85 and 99 years old,93,Total Voters,5943,Number of voter duplications,34
Release 2009,District,30,Kaspi,Average age of voters,48.000111124,Numbers of voters over 99 years old,9,Number of voters between 85 and 99 years old,595,Total Voters,38890,Number of voter duplications,10
Release 2009,District,31,Akhalgori,Average age of voters,50.3183099449,Numbers of voters over 99 years old,0,Number of voters between 85 and 99 years old,99,Total Voters,6261,Number of voter duplications,1
Release 2009,District,32,Gori,Average age of voters,46.6762944792,Numbers of voters over 99 years old,14,Number of voters between 85 and 99 years old,1118,Total Voters,100227,Number of voter duplications,51
Release 2009,District,33,Kareli,Average age of voters,47.4491178773,Numbers of voters over 99 years old,18,Number of voters between 85 and 99 years old,521,Total Voters,36073,Number of voter duplications,22
Release 2009,District,35,Khashuri,Average age of voters,47.4582408185,Numbers of voters over 99 years old,6,Number of voters between 85 and 99 years old,649,Total Voters,48560,Number of voter duplications,50
Release 2009,District,36,Borjomi,Average age of voters,47.4872431081,Numbers of voters over 99 years old,3,Number of voters between 85 and 99 years old,455,Total Voters,27376,Number of voter duplications,19
Release 2009,District,37,Akhaltsikhe,Average age of voters,47.7444840966,Numbers of voters over 99 years old,16,Number of voters between 85 and 99 years old,559,Total Voters,35043,Number of voter duplications,18
Release 2009,District,38,Adigeni,Average age of voters,45.9844099512,Numbers of voters over 99 years old,3,Number of voters between 85 and 99 years old,197,Total Voters,15563,Number of voter duplications,9
Release 2009,District,39,Aspindza,Average age of voters,47.3214354853,Numbers of voters over 99 years old,2,Number of voters between 85 and 99 years old,160,Total Voters,9744,Number of voter duplications,10
Release 2009,District,40,Akhalkalaki,Average age of voters,45.6230429255,Numbers of voters over 99 years old,5,Number of voters between 85 and 99 years old,469,Total Voters,40472,Number of voter duplications,3
Release 2009,District,41,Ninotsminda,Average age of voters,44.3786947295,Numbers of voters over 99 years old,5,Number of voters between 85 and 99 years old,203,Total Voters,21931,Number of voter duplications,3
Release 2009,District,43,Oni,Average age of voters,58.8867567208,Numbers of voters over 99 years old,6,Number of voters between 85 and 99 years old,245,Total Voters,7077,Number of voter duplications,11
Release 2009,District,44,Ambrolauri,Average age of voters,56.83059829,Numbers of voters over 99 years old,9,Number of voters between 85 and 99 years old,413,Total Voters,12527,Number of voter duplications,13
Release 2009,District,45,Tsageri,Average age of voters,52.7630371651,Numbers of voters over 99 years old,1,Number of voters between 85 and 99 years old,348,Total Voters,12760,Number of voter duplications,13
Release 2009,District,46,Lentekhi,Average age of voters,49.9761897691,Numbers of voters over 99 years old,3,Number of voters between 85 and 99 years old,151,Total Voters,5994,Number of voter duplications,8
Release 2009,District,47,Mestia,Average age of voters,48.5338252917,Numbers of voters over 99 years old,11,Number of voters between 85 and 99 years old,266,Total Voters,8519,Number of voter duplications,47
Release 2009,District,48,Kharagauli,Average age of voters,50.3187932723,Numbers of voters over 99 years old,3,Number of voters between 85 and 99 years old,485,Total Voters,20595,Number of voter duplications,14
Release 2009,District,49,Terjola,Average age of voters,49.1793141308,Numbers of voters over 99 years old,14,Number of voters between 85 and 99 years old,682,Total Voters,34209,Number of voter duplications,26
Release 2009,District,50,Sachkhere,Average age of voters,47.5974593957,Numbers of voters over 99 years old,11,Number of voters between 85 and 99 years old,595,Total Voters,41122,Number of voter duplications,56
Release 2009,District,51,Zestaponi,Average age of voters,48.1774049239,Numbers of voters over 99 years old,12,Number of voters between 85 and 99 years old,935,Total Voters,56636,Number of voter duplications,33
Release 2009,District,52,Bagdati,Average age of voters,49.1512143452,Numbers of voters over 99 years old,7,Number of voters between 85 and 99 years old,428,Total Voters,23444,Number of voter duplications,17
Release 2009,District,53,Vani,Average age of voters,50.2181038636,Numbers of voters over 99 years old,16,Number of voters between 85 and 99 years old,653,Total Voters,26619,Number of voter duplications,7
Release 2009,District,54,Samtredia,Average age of voters,48.6272602292,Numbers of voters over 99 years old,4,Number of voters between 85 and 99 years old,770,Total Voters,47714,Number of voter duplications,45
Release 2009,District,55,Khoni,Average age of voters,49.4551359252,Numbers of voters over 99 years old,12,Number of voters between 85 and 99 years old,499,Total Voters,24217,Number of voter duplications,45
Release 2009,District,56,Chiatura,Average age of voters,48.3845170063,Numbers of voters over 99 years old,9,Number of voters between 85 and 99 years old,732,Total Voters,46105,Number of voter duplications,35
Release 2009,District,57,Tkibuli,Average age of voters,50.8969042298,Numbers of voters over 99 years old,7,Number of voters between 85 and 99 years old,480,Total Voters,25058,Number of voter duplications,15
Release 2009,District,58,Tskaltubo,Average age of voters,48.6034408694,Numbers of voters over 99 years old,13,Number of voters between 85 and 99 years old,753,Total Voters,53834,Number of voter duplications,73
Release 2009,District,59,Kutaisi,Average age of voters,46.2788963663,Numbers of voters over 99 years old,13,Number of voters between 85 and 99 years old,1294,Total Voters,157368,Number of voter duplications,167
Release 2009,District,60,Ozurgeti,Average age of voters,47.8448228622,Numbers of voters over 99 years old,30,Number of voters between 85 and 99 years old,1077,Total Voters,63808,Number of voter duplications,35
Release 2009,District,61,Lanchkhuti,Average age of voters,48.9715640926,Numbers of voters over 99 years old,16,Number of voters between 85 and 99 years old,649,Total Voters,29865,Number of voter duplications,23
Release 2009,District,62,Chokhatauri,Average age of voters,50.0832178061,Numbers of voters over 99 years old,13,Number of voters between 85 and 99 years old,441,Total Voters,18692,Number of voter duplications,9
Release 2009,District,63,Abasha,Average age of voters,49.0448772702,Numbers of voters over 99 years old,2,Number of voters between 85 and 99 years old,404,Total Voters,21641,Number of voter duplications,31
Release 2009,District,64,Senaki,Average age of voters,48.3392495327,Numbers of voters over 99 years old,7,Number of voters between 85 and 99 years old,641,Total Voters,41514,Number of voter duplications,42
Release 2009,District,65,Martvili,Average age of voters,48.7892687118,Numbers of voters over 99 years old,12,Number of voters between 85 and 99 years old,695,Total Voters,34678,Number of voter duplications,89
Release 2009,District,66,Khobi,Average age of voters,47.2610467207,Numbers of voters over 99 years old,11,Number of voters between 85 and 99 years old,403,Total Voters,29622,Number of voter duplications,19
Release 2009,District,67,Zugdidi,Average age of voters,47.8356125223,Numbers of voters over 99 years old,72,Number of voters between 85 and 99 years old,2147,Total Voters,126981,Number of voter duplications,150
Release 2009,District,68,Tsalenjikha,Average age of voters,47.8496157063,Numbers of voters over 99 years old,24,Number of voters between 85 and 99 years old,595,Total Voters,31902,Number of voter duplications,70
Release 2009,District,69,Chkhorotsku,Average age of voters,47.9646275913,Numbers of voters over 99 years old,8,Number of voters between 85 and 99 years old,400,Total Voters,23337,Number of voter duplications,51
Release 2009,District,70,Poti,Average age of voters,46.4278879553,Numbers of voters over 99 years old,4,Number of voters between 85 and 99 years old,413,Total Voters,38410,Number of voter duplications,49
Release 2009,District,79,Batumi,Average age of voters,45.3576290831,Numbers of voters over 99 years old,16,Number of voters between 85 and 99 years old,986,Total Voters,96824,Number of voter duplications,63
Release 2009,District,80,Keda,Average age of voters,44.5700759448,Numbers of voters over 99 years old,14,Number of voters between 85 and 99 years old,228,Total Voters,15171,Number of voter duplications,12
Release 2009,District,81,Kobuleti,Average age of voters,44.429097461,Numbers of voters over 99 years old,25,Number of voters between 85 and 99 years old,647,Total Voters,65835,Number of voter duplications,44
Release 2009,District,82,Shuakhevi,Average age of voters,45.0124088089,Numbers of voters over 99 years old,13,Number of voters between 85 and 99 years old,277,Total Voters,15055,Number of voter duplications,12
Release 2009,District,83,Khelvachauri,Average age of voters,43.1565044791,Numbers of voters over 99 years old,9,Number of voters between 85 and 99 years old,571,Total Voters,68605,Number of voter duplications,69
Release 2009,District,84,Khulo,Average age of voters,44.2368278144,Numbers of voters over 99 years old,11,Number of voters between 85 and 99 years old,412,Total Voters,23566,Number of voter duplications,28
Release 2009,District,85,Liakhvi,Average age of voters,47.7633398433,Numbers of voters over 99 years old,0,Number of voters between 85 and 99 years old,146,Total Voters,9367,Number of voter duplications,86
Release 2009,District,86,Unknown,Average age of voters,49.1848970774,Numbers of voters over 99 years old,1,Number of voters between 85 and 99 years old,29,Total Voters,1230,Number of voter duplications,133
