election,shape type,region,region,Indicator,avg_age,Indicator,greater_99,Indicator,85_99,Indicator,total_voters,Indicator,duplicates
Release 2009,Region,Unknown,Unknown,Average age of voters,49.1848970774,Numbers of voters over 99 years old,1,Number of voters between 85 and 99 years old,29,Total Voters,1230,Number of voter duplications,133
Release 2009,Region,Adjara,Adjara,Average age of voters,44.4645060042,Numbers of voters over 99 years old,88,Number of voters between 85 and 99 years old,3121,Total Voters,285056,Number of voter duplications,228
Release 2009,Region,Guria,Guria,Average age of voters,48.7714545624,Numbers of voters over 99 years old,59,Number of voters between 85 and 99 years old,2167,Total Voters,112365,Number of voter duplications,67
Release 2009,Region,Imereti,Imereti,Average age of voters,48.4133848693,Numbers of voters over 99 years old,121,Number of voters between 85 and 99 years old,8306,Total Voters,556921,Number of voter duplications,533
Release 2009,Region,Kakheti,Kakheti,Average age of voters,47.8683742271,Numbers of voters over 99 years old,79,Number of voters between 85 and 99 years old,5122,Total Voters,304026,Number of voter duplications,179
Release 2009,Region,Kvemo Kartli,Kvemo Kartli,Average age of voters,45.990930866,Numbers of voters over 99 years old,124,Number of voters between 85 and 99 years old,4277,Total Voters,380772,Number of voter duplications,187
Release 2009,Region,Mtskheta-Mtianeti,Mtskheta-Mtianeti,Average age of voters,49.0868124598,Numbers of voters over 99 years old,29,Number of voters between 85 and 99 years old,1471,Total Voters,85162,Number of voter duplications,77
Release 2009,Region,Racha-Lechkhumi and Kvemo Svaneti,Racha-Lechkhumi and Kvemo Svaneti,Average age of voters,54.7102137228,Numbers of voters over 99 years old,19,Number of voters between 85 and 99 years old,1157,Total Voters,38358,Number of voter duplications,45
Release 2009,Region,Samegrelo-Zemo Svaneti,Samegrelo-Zemo Svaneti,Average age of voters,47.9914880839,Numbers of voters over 99 years old,151,Number of voters between 85 and 99 years old,5964,Total Voters,356604,Number of voter duplications,548
Release 2009,Region,Samtskhe-Javakheti,Samtskhe-Javakheti,Average age of voters,46.2419347725,Numbers of voters over 99 years old,34,Number of voters between 85 and 99 years old,2043,Total Voters,150129,Number of voter duplications,62
Release 2009,Region,Shida Kartli,Shida Kartli,Average age of voters,47.2586349607,Numbers of voters over 99 years old,47,Number of voters between 85 and 99 years old,3029,Total Voters,233117,Number of voter duplications,219
Release 2009,Region,Tbilisi,Tbilisi,Average age of voters,46.8144252746,Numbers of voters over 99 years old,286,Number of voters between 85 and 99 years old,12087,Total Voters,953090,Number of voter duplications,1752
