election,shape type,region,region,Indicator,avg_age,Indicator,greater_99,Indicator,85_99,Indicator,total_voters,Indicator,duplicates
Release February 2010,Region,Unknown,Unknown,Average age of voters,49.7732095491,Numbers of voters over 99 years old,0,Number of voters between 85 and 99 years old,16,Total Voters,754,Number of voter duplications,0
Release February 2010,Region,Adjara,Adjara,Average age of voters,43.6158266882,Numbers of voters over 99 years old,103,Number of voters between 85 and 99 years old,3114,Total Voters,296556,Number of voter duplications,791
Release February 2010,Region,Guria,Guria,Average age of voters,47.8940431854,Numbers of voters over 99 years old,33,Number of voters between 85 and 99 years old,2174,Total Voters,115128,Number of voter duplications,149
Release February 2010,Region,Imereti,Imereti,Average age of voters,47.7783920521,Numbers of voters over 99 years old,115,Number of voters between 85 and 99 years old,8904,Total Voters,572024,Number of voter duplications,734
Release February 2010,Region,Kakheti,Kakheti,Average age of voters,46.9588988523,Numbers of voters over 99 years old,71,Number of voters between 85 and 99 years old,5184,Total Voters,314442,Number of voter duplications,352
Release February 2010,Region,Kvemo Kartli,Kvemo Kartli,Average age of voters,45.4882435109,Numbers of voters over 99 years old,109,Number of voters between 85 and 99 years old,4505,Total Voters,399959,Number of voter duplications,473
Release February 2010,Region,Mtskheta-Mtianeti,Mtskheta-Mtianeti,Average age of voters,47.4037237933,Numbers of voters over 99 years old,32,Number of voters between 85 and 99 years old,1552,Total Voters,89261,Number of voter duplications,115
Release February 2010,Region,Racha-Lechkhumi and Kvemo Svaneti,Racha-Lechkhumi and Kvemo Svaneti,Average age of voters,51.2953206849,Numbers of voters over 99 years old,16,Number of voters between 85 and 99 years old,1221,Total Voters,38398,Number of voter duplications,60
Release February 2010,Region,Samegrelo-Zemo Svaneti,Samegrelo-Zemo Svaneti,Average age of voters,47.2099108899,Numbers of voters over 99 years old,171,Number of voters between 85 and 99 years old,6112,Total Voters,364722,Number of voter duplications,459
Release February 2010,Region,Samtskhe-Javakheti,Samtskhe-Javakheti,Average age of voters,45.8350062786,Numbers of voters over 99 years old,39,Number of voters between 85 and 99 years old,2198,Total Voters,154764,Number of voter duplications,139
Release February 2010,Region,Shida Kartli,Shida Kartli,Average age of voters,45.9044013656,Numbers of voters over 99 years old,52,Number of voters between 85 and 99 years old,3117,Total Voters,244150,Number of voter duplications,291
Release February 2010,Region,Tbilisi,Tbilisi,Average age of voters,46.2180219152,Numbers of voters over 99 years old,248,Number of voters between 85 and 99 years old,12378,Total Voters,997267,Number of voter duplications,1282
