election,shape type,region,region,Indicator,avg_age,Indicator,greater_99,Indicator,85_99,Indicator,total_voters,Indicator,duplicates
Release May 2010,Region,Adjara,Adjara,Average age of voters,43.7233434971,Numbers of voters over 99 years old,97,Number of voters between 85 and 99 years old,3033,Total Voters,295527,Number of voter duplications,717
Release May 2010,Region,Guria,Guria,Average age of voters,48.2780282368,Numbers of voters over 99 years old,28,Number of voters between 85 and 99 years old,2091,Total Voters,114463,Number of voter duplications,127
Release May 2010,Region,Imereti,Imereti,Average age of voters,47.3793636019,Numbers of voters over 99 years old,107,Number of voters between 85 and 99 years old,8529,Total Voters,569419,Number of voter duplications,607
Release May 2010,Region,Kakheti,Kakheti,Average age of voters,46.8679358204,Numbers of voters over 99 years old,52,Number of voters between 85 and 99 years old,4965,Total Voters,312738,Number of voter duplications,232
Release May 2010,Region,Kvemo Kartli,Kvemo Kartli,Average age of voters,45.2393422915,Numbers of voters over 99 years old,100,Number of voters between 85 and 99 years old,4368,Total Voters,398622,Number of voter duplications,410
Release May 2010,Region,Mtskheta-Mtianeti,Mtskheta-Mtianeti,Average age of voters,47.669327137,Numbers of voters over 99 years old,28,Number of voters between 85 and 99 years old,1396,Total Voters,86745,Number of voter duplications,95
Release May 2010,Region,Racha-Lechkhumi and Kvemo Svaneti,Racha-Lechkhumi and Kvemo Svaneti,Average age of voters,53.8228754758,Numbers of voters over 99 years old,12,Number of voters between 85 and 99 years old,1178,Total Voters,38356,Number of voter duplications,53
Release May 2010,Region,Samegrelo-Zemo Svaneti,Samegrelo-Zemo Svaneti,Average age of voters,47.1641187186,Numbers of voters over 99 years old,153,Number of voters between 85 and 99 years old,5827,Total Voters,363124,Number of voter duplications,321
Release May 2010,Region,Samtskhe-Javakheti,Samtskhe-Javakheti,Average age of voters,45.5582521636,Numbers of voters over 99 years old,28,Number of voters between 85 and 99 years old,2099,Total Voters,153995,Number of voter duplications,112
Release May 2010,Region,Shida Kartli,Shida Kartli,Average age of voters,45.9998785667,Numbers of voters over 99 years old,47,Number of voters between 85 and 99 years old,2913,Total Voters,237983,Number of voter duplications,230
Release May 2010,Region,Tbilisi,Tbilisi,Average age of voters,45.9672955082,Numbers of voters over 99 years old,147,Number of voters between 85 and 99 years old,11991,Total Voters,994401,Number of voter duplications,981
