election,shape type,district_id,district_name,Indicator,avg_age,Indicator,greater_99,Indicator,85_99,Indicator,total_voters,Indicator,duplicates
Release February 2010,District,1,Mtatsminda,Average age of voters,47.4670201401,Numbers of voters over 99 years old,16,Number of voters between 85 and 99 years old,897,Total Voters,50546,Number of voter duplications,51
Release February 2010,District,2,Vake,Average age of voters,47.6684506045,Numbers of voters over 99 years old,52,Number of voters between 85 and 99 years old,1708,Total Voters,98845,Number of voter duplications,119
Release February 2010,District,3,Saburtalo,Average age of voters,46.7974756681,Numbers of voters over 99 years old,45,Number of voters between 85 and 99 years old,1895,Total Voters,122890,Number of voter duplications,204
Release February 2010,District,4,Krtsanisi,Average age of voters,45.0377624569,Numbers of voters over 99 years old,11,Number of voters between 85 and 99 years old,498,Total Voters,44674,Number of voter duplications,43
Release February 2010,District,5,Isani,Average age of voters,45.8549881246,Numbers of voters over 99 years old,31,Number of voters between 85 and 99 years old,1291,Total Voters,114105,Number of voter duplications,114
Release February 2010,District,6,Samgori,Average age of voters,44.7712930817,Numbers of voters over 99 years old,30,Number of voters between 85 and 99 years old,1374,Total Voters,150354,Number of voter duplications,211
Release February 2010,District,7,Chugureti,Average age of voters,46.4138462347,Numbers of voters over 99 years old,5,Number of voters between 85 and 99 years old,852,Total Voters,57113,Number of voter duplications,90
Release February 2010,District,8,Didube,Average age of voters,47.6144167833,Numbers of voters over 99 years old,11,Number of voters between 85 and 99 years old,1164,Total Voters,70737,Number of voter duplications,106
Release February 2010,District,9,Nadzaladevi,Average age of voters,45.7547088194,Numbers of voters over 99 years old,21,Number of voters between 85 and 99 years old,1520,Total Voters,136393,Number of voter duplications,173
Release February 2010,District,10,Gldani,Average age of voters,44.800257239,Numbers of voters over 99 years old,26,Number of voters between 85 and 99 years old,1179,Total Voters,151610,Number of voter duplications,171
Release February 2010,District,11,Sagarejo,Average age of voters,45.0889781348,Numbers of voters over 99 years old,22,Number of voters between 85 and 99 years old,737,Total Voters,44820,Number of voter duplications,36
Release February 2010,District,12,Gurjaani,Average age of voters,47.9171692373,Numbers of voters over 99 years old,10,Number of voters between 85 and 99 years old,861,Total Voters,56218,Number of voter duplications,51
Release February 2010,District,13,Signagi,Average age of voters,49.1189571717,Numbers of voters over 99 years old,3,Number of voters between 85 and 99 years old,678,Total Voters,32643,Number of voter duplications,41
Release February 2010,District,14,Dedoplistskaro,Average age of voters,48.1248190103,Numbers of voters over 99 years old,5,Number of voters between 85 and 99 years old,537,Total Voters,23482,Number of voter duplications,31
Release February 2010,District,15,Lagodekhi,Average age of voters,45.3829733228,Numbers of voters over 99 years old,6,Number of voters between 85 and 99 years old,477,Total Voters,39397,Number of voter duplications,102
Release February 2010,District,16,Kvareli,Average age of voters,46.8143252895,Numbers of voters over 99 years old,7,Number of voters between 85 and 99 years old,440,Total Voters,29961,Number of voter duplications,33
Release February 2010,District,17,Telavi,Average age of voters,46.4109388863,Numbers of voters over 99 years old,11,Number of voters between 85 and 99 years old,873,Total Voters,57483,Number of voter duplications,40
Release February 2010,District,18,Akhmeta,Average age of voters,46.8130297654,Numbers of voters over 99 years old,7,Number of voters between 85 and 99 years old,581,Total Voters,30438,Number of voter duplications,18
Release February 2010,District,19,Tianeti,Average age of voters,48.7248408739,Numbers of voters over 99 years old,8,Number of voters between 85 and 99 years old,306,Total Voters,11626,Number of voter duplications,14
Release February 2010,District,20,Rustavi,Average age of voters,44.3265646055,Numbers of voters over 99 years old,7,Number of voters between 85 and 99 years old,667,Total Voters,106865,Number of voter duplications,120
Release February 2010,District,21,Gardabani,Average age of voters,43.8406643599,Numbers of voters over 99 years old,27,Number of voters between 85 and 99 years old,713,Total Voters,72250,Number of voter duplications,81
Release February 2010,District,22,Marneuli,Average age of voters,42.6455331412,Numbers of voters over 99 years old,11,Number of voters between 85 and 99 years old,901,Total Voters,96466,Number of voter duplications,124
Release February 2010,District,23,Bolnisi,Average age of voters,43.8975214656,Numbers of voters over 99 years old,24,Number of voters between 85 and 99 years old,678,Total Voters,57534,Number of voter duplications,87
Release February 2010,District,24,Dmanisi,Average age of voters,45.9041989579,Numbers of voters over 99 years old,21,Number of voters between 85 and 99 years old,373,Total Voters,22839,Number of voter duplications,20
Release February 2010,District,25,Tsalka,Average age of voters,48.5807793345,Numbers of voters over 99 years old,10,Number of voters between 85 and 99 years old,581,Total Voters,22840,Number of voter duplications,17
Release February 2010,District,26,Tetritskaro,Average age of voters,49.222442712,Numbers of voters over 99 years old,9,Number of voters between 85 and 99 years old,592,Total Voters,21165,Number of voter duplications,24
Release February 2010,District,27,Mtskheta,Average age of voters,45.4769858374,Numbers of voters over 99 years old,6,Number of voters between 85 and 99 years old,453,Total Voters,38976,Number of voter duplications,34
Release February 2010,District,28,Dusheti,Average age of voters,47.8077908379,Numbers of voters over 99 years old,16,Number of voters between 85 and 99 years old,582,Total Voters,26544,Number of voter duplications,42
Release February 2010,District,29,Kazbegi,Average age of voters,46.1309127249,Numbers of voters over 99 years old,0,Number of voters between 85 and 99 years old,77,Total Voters,6004,Number of voter duplications,17
Release February 2010,District,30,Kaspi,Average age of voters,46.7975665624,Numbers of voters over 99 years old,8,Number of voters between 85 and 99 years old,605,Total Voters,40601,Number of voter duplications,24
Release February 2010,District,31,Akhalgori,Average age of voters,48.8780886925,Numbers of voters over 99 years old,2,Number of voters between 85 and 99 years old,134,Total Voters,6111,Number of voter duplications,8
Release February 2010,District,32,Gori,Average age of voters,45.5422600535,Numbers of voters over 99 years old,17,Number of voters between 85 and 99 years old,1235,Total Voters,109962,Number of voter duplications,103
Release February 2010,District,33,Kareli,Average age of voters,45.9751998738,Numbers of voters over 99 years old,19,Number of voters between 85 and 99 years old,557,Total Voters,38024,Number of voter duplications,50
Release February 2010,District,35,Khashuri,Average age of voters,45.7535921676,Numbers of voters over 99 years old,6,Number of voters between 85 and 99 years old,652,Total Voters,50457,Number of voter duplications,99
Release February 2010,District,36,Borjomi,Average age of voters,46.7991697681,Numbers of voters over 99 years old,3,Number of voters between 85 and 99 years old,452,Total Voters,27944,Number of voter duplications,47
Release February 2010,District,37,Akhaltsikhe,Average age of voters,46.6415445707,Numbers of voters over 99 years old,17,Number of voters between 85 and 99 years old,590,Total Voters,36515,Number of voter duplications,43
Release February 2010,District,38,Adigeni,Average age of voters,45.866762536,Numbers of voters over 99 years old,0,Number of voters between 85 and 99 years old,223,Total Voters,15994,Number of voter duplications,20
Release February 2010,District,39,Aspindza,Average age of voters,46.1722097531,Numbers of voters over 99 years old,3,Number of voters between 85 and 99 years old,165,Total Voters,9802,Number of voter duplications,12
Release February 2010,District,40,Akhalkalaki,Average age of voters,45.3587308439,Numbers of voters over 99 years old,11,Number of voters between 85 and 99 years old,526,Total Voters,41697,Number of voter duplications,11
Release February 2010,District,41,Ninotsminda,Average age of voters,44.1716201999,Numbers of voters over 99 years old,5,Number of voters between 85 and 99 years old,242,Total Voters,22812,Number of voter duplications,6
Release February 2010,District,43,Oni,Average age of voters,52.8184373243,Numbers of voters over 99 years old,2,Number of voters between 85 and 99 years old,261,Total Voters,7116,Number of voter duplications,11
Release February 2010,District,44,Ambrolauri,Average age of voters,53.313201581,Numbers of voters over 99 years old,7,Number of voters between 85 and 99 years old,445,Total Voters,12650,Number of voter duplications,12
Release February 2010,District,45,Tsageri,Average age of voters,50.415178217,Numbers of voters over 99 years old,3,Number of voters between 85 and 99 years old,369,Total Voters,12597,Number of voter duplications,27
Release February 2010,District,46,Lentekhi,Average age of voters,48.6344656172,Numbers of voters over 99 years old,4,Number of voters between 85 and 99 years old,146,Total Voters,6035,Number of voter duplications,10
Release February 2010,District,47,Mestia,Average age of voters,47.0886504141,Numbers of voters over 99 years old,19,Number of voters between 85 and 99 years old,279,Total Voters,8573,Number of voter duplications,25
Release February 2010,District,48,Kharagauli,Average age of voters,49.2947725535,Numbers of voters over 99 years old,0,Number of voters between 85 and 99 years old,507,Total Voters,20928,Number of voter duplications,28
Release February 2010,District,49,Terjola,Average age of voters,48.2586468751,Numbers of voters over 99 years old,16,Number of voters between 85 and 99 years old,717,Total Voters,34897,Number of voter duplications,47
Release February 2010,District,50,Sachkhere,Average age of voters,46.2165142673,Numbers of voters over 99 years old,7,Number of voters between 85 and 99 years old,618,Total Voters,43526,Number of voter duplications,74
Release February 2010,District,51,Zestaponi,Average age of voters,47.1828431118,Numbers of voters over 99 years old,9,Number of voters between 85 and 99 years old,928,Total Voters,57831,Number of voter duplications,56
Release February 2010,District,52,Bagdati,Average age of voters,48.1431449075,Numbers of voters over 99 years old,10,Number of voters between 85 and 99 years old,454,Total Voters,23829,Number of voter duplications,33
Release February 2010,District,53,Vani,Average age of voters,49.1662915638,Numbers of voters over 99 years old,14,Number of voters between 85 and 99 years old,780,Total Voters,27548,Number of voter duplications,42
Release February 2010,District,54,Samtredia,Average age of voters,47.4685715451,Numbers of voters over 99 years old,8,Number of voters between 85 and 99 years old,811,Total Voters,49032,Number of voter duplications,66
Release February 2010,District,55,Khoni,Average age of voters,48.0076857732,Numbers of voters over 99 years old,16,Number of voters between 85 and 99 years old,519,Total Voters,24721,Number of voter duplications,50
Release February 2010,District,56,Chiatura,Average age of voters,47.7242225685,Numbers of voters over 99 years old,11,Number of voters between 85 and 99 years old,836,Total Voters,46853,Number of voter duplications,75
Release February 2010,District,57,Tkibuli,Average age of voters,48.9055162206,Numbers of voters over 99 years old,6,Number of voters between 85 and 99 years old,529,Total Voters,24999,Number of voter duplications,30
Release February 2010,District,58,Tskaltubo,Average age of voters,47.4675664932,Numbers of voters over 99 years old,7,Number of voters between 85 and 99 years old,840,Total Voters,55344,Number of voter duplications,60
Release February 2010,District,59,Kutaisi,Average age of voters,45.5049287455,Numbers of voters over 99 years old,11,Number of voters between 85 and 99 years old,1365,Total Voters,162516,Number of voter duplications,173
Release February 2010,District,60,Ozurgeti,Average age of voters,47.2021273344,Numbers of voters over 99 years old,15,Number of voters between 85 and 99 years old,1119,Total Voters,65434,Number of voter duplications,72
Release February 2010,District,61,Lanchkhuti,Average age of voters,47.8186638735,Numbers of voters over 99 years old,7,Number of voters between 85 and 99 years old,630,Total Voters,30551,Number of voter duplications,51
Release February 2010,District,62,Chokhatauri,Average age of voters,48.6613383482,Numbers of voters over 99 years old,11,Number of voters between 85 and 99 years old,425,Total Voters,19143,Number of voter duplications,26
Release February 2010,District,63,Abasha,Average age of voters,48.1226198515,Numbers of voters over 99 years old,1,Number of voters between 85 and 99 years old,424,Total Voters,22215,Number of voter duplications,21
Release February 2010,District,64,Senaki,Average age of voters,47.2321224423,Numbers of voters over 99 years old,8,Number of voters between 85 and 99 years old,629,Total Voters,42861,Number of voter duplications,41
Release February 2010,District,65,Martvili,Average age of voters,48.0705982421,Numbers of voters over 99 years old,9,Number of voters between 85 and 99 years old,665,Total Voters,35270,Number of voter duplications,53
Release February 2010,District,66,Khobi,Average age of voters,46.8446714651,Numbers of voters over 99 years old,16,Number of voters between 85 and 99 years old,417,Total Voters,30149,Number of voter duplications,35
Release February 2010,District,67,Zugdidi,Average age of voters,47.283614752,Numbers of voters over 99 years old,86,Number of voters between 85 and 99 years old,2269,Total Voters,130233,Number of voter duplications,142
Release February 2010,District,68,Tsalenjikha,Average age of voters,47.1768932941,Numbers of voters over 99 years old,18,Number of voters between 85 and 99 years old,599,Total Voters,32285,Number of voter duplications,73
Release February 2010,District,69,Chkhorotsku,Average age of voters,47.2539414176,Numbers of voters over 99 years old,10,Number of voters between 85 and 99 years old,396,Total Voters,23659,Number of voter duplications,36
Release February 2010,District,70,Poti,Average age of voters,45.8160861305,Numbers of voters over 99 years old,4,Number of voters between 85 and 99 years old,434,Total Voters,39477,Number of voter duplications,33
Release February 2010,District,79,Batumi,Average age of voters,44.6075260223,Numbers of voters over 99 years old,17,Number of voters between 85 and 99 years old,1082,Total Voters,106351,Number of voter duplications,183
Release February 2010,District,80,Keda,Average age of voters,43.739227293,Numbers of voters over 99 years old,11,Number of voters between 85 and 99 years old,222,Total Voters,15711,Number of voter duplications,56
Release February 2010,District,81,Kobuleti,Average age of voters,43.6719918964,Numbers of voters over 99 years old,27,Number of voters between 85 and 99 years old,651,Total Voters,69105,Number of voter duplications,147
Release February 2010,District,82,Shuakhevi,Average age of voters,43.8158477779,Numbers of voters over 99 years old,18,Number of voters between 85 and 99 years old,261,Total Voters,15346,Number of voter duplications,38
Release February 2010,District,83,Khelvachauri,Average age of voters,42.3624061065,Numbers of voters over 99 years old,11,Number of voters between 85 and 99 years old,522,Total Voters,65766,Number of voter duplications,167
Release February 2010,District,84,Khulo,Average age of voters,43.4979610331,Numbers of voters over 99 years old,19,Number of voters between 85 and 99 years old,376,Total Voters,24277,Number of voter duplications,200
Release February 2010,District,85,Liakhvi,Average age of voters,45.4533881708,Numbers of voters over 99 years old,2,Number of voters between 85 and 99 years old,68,Total Voters,5106,Number of voter duplications,15
Release February 2010,District,86,Unknown,Average age of voters,49.7732095491,Numbers of voters over 99 years old,0,Number of voters between 85 and 99 years old,16,Total Voters,754,Number of voter duplications,0
