election,shape type,district_id,district_name,Indicator,avg_age,Indicator,greater_99,Indicator,85_99,Indicator,total_voters,Indicator,duplicates
Release May 2010,District,1,Mtatsminda,Average age of voters,47.465644359,Numbers of voters over 99 years old,9,Number of voters between 85 and 99 years old,855,Total Voters,50261,Number of voter duplications,47
Release May 2010,District,2,Vake,Average age of voters,47.5290494423,Numbers of voters over 99 years old,37,Number of voters between 85 and 99 years old,1598,Total Voters,95476,Number of voter duplications,105
Release May 2010,District,3,Saburtalo,Average age of voters,46.692698044,Numbers of voters over 99 years old,15,Number of voters between 85 and 99 years old,1885,Total Voters,124930,Number of voter duplications,118
Release May 2010,District,4,Krtsanisi,Average age of voters,44.9141049471,Numbers of voters over 99 years old,5,Number of voters between 85 and 99 years old,496,Total Voters,44984,Number of voter duplications,35
Release May 2010,District,5,Isani,Average age of voters,45.7715200395,Numbers of voters over 99 years old,15,Number of voters between 85 and 99 years old,1250,Total Voters,114077,Number of voter duplications,78
Release May 2010,District,6,Samgori,Average age of voters,44.7733482723,Numbers of voters over 99 years old,22,Number of voters between 85 and 99 years old,1333,Total Voters,149888,Number of voter duplications,166
Release May 2010,District,7,Chugureti,Average age of voters,46.4399752977,Numbers of voters over 99 years old,8,Number of voters between 85 and 99 years old,828,Total Voters,57063,Number of voter duplications,78
Release May 2010,District,8,Didube,Average age of voters,47.6170877774,Numbers of voters over 99 years old,11,Number of voters between 85 and 99 years old,1131,Total Voters,70295,Number of voter duplications,82
Release May 2010,District,9,Nadzaladevi,Average age of voters,45.6329632408,Numbers of voters over 99 years old,18,Number of voters between 85 and 99 years old,1472,Total Voters,135992,Number of voter duplications,139
Release May 2010,District,10,Gldani,Average age of voters,44.8084012146,Numbers of voters over 99 years old,7,Number of voters between 85 and 99 years old,1143,Total Voters,151435,Number of voter duplications,133
Release May 2010,District,11,Sagarejo,Average age of voters,45.4382132026,Numbers of voters over 99 years old,15,Number of voters between 85 and 99 years old,713,Total Voters,44709,Number of voter duplications,20
Release May 2010,District,12,Gurjaani,Average age of voters,47.6338649777,Numbers of voters over 99 years old,5,Number of voters between 85 and 99 years old,825,Total Voters,55902,Number of voter duplications,33
Release May 2010,District,13,Signagi,Average age of voters,48.7144118356,Numbers of voters over 99 years old,1,Number of voters between 85 and 99 years old,627,Total Voters,32283,Number of voter duplications,24
Release May 2010,District,14,Dedoplistskaro,Average age of voters,47.5864795384,Numbers of voters over 99 years old,4,Number of voters between 85 and 99 years old,528,Total Voters,23343,Number of voter duplications,31
Release May 2010,District,15,Lagodekhi,Average age of voters,45.9162064895,Numbers of voters over 99 years old,6,Number of voters between 85 and 99 years old,449,Total Voters,39242,Number of voter duplications,57
Release May 2010,District,16,Kvareli,Average age of voters,46.3070217858,Numbers of voters over 99 years old,5,Number of voters between 85 and 99 years old,421,Total Voters,29817,Number of voter duplications,19
Release May 2010,District,17,Telavi,Average age of voters,46.7942699483,Numbers of voters over 99 years old,9,Number of voters between 85 and 99 years old,839,Total Voters,57113,Number of voter duplications,35
Release May 2010,District,18,Akhmeta,Average age of voters,46.9113975764,Numbers of voters over 99 years old,7,Number of voters between 85 and 99 years old,563,Total Voters,30329,Number of voter duplications,13
Release May 2010,District,19,Tianeti,Average age of voters,49.3733910624,Numbers of voters over 99 years old,7,Number of voters between 85 and 99 years old,292,Total Voters,11521,Number of voter duplications,10
Release May 2010,District,20,Rustavi,Average age of voters,44.3411096486,Numbers of voters over 99 years old,6,Number of voters between 85 and 99 years old,635,Total Voters,106275,Number of voter duplications,119
Release May 2010,District,21,Gardabani,Average age of voters,43.9809899538,Numbers of voters over 99 years old,25,Number of voters between 85 and 99 years old,688,Total Voters,72047,Number of voter duplications,67
Release May 2010,District,22,Marneuli,Average age of voters,43.0745097358,Numbers of voters over 99 years old,12,Number of voters between 85 and 99 years old,873,Total Voters,96132,Number of voter duplications,112
Release May 2010,District,23,Bolnisi,Average age of voters,43.9555153264,Numbers of voters over 99 years old,23,Number of voters between 85 and 99 years old,656,Total Voters,57419,Number of voter duplications,63
Release May 2010,District,24,Dmanisi,Average age of voters,47.0492197508,Numbers of voters over 99 years old,17,Number of voters between 85 and 99 years old,358,Total Voters,22639,Number of voter duplications,19
Release May 2010,District,25,Tsalka,Average age of voters,48.2373146211,Numbers of voters over 99 years old,9,Number of voters between 85 and 99 years old,579,Total Voters,22820,Number of voter duplications,16
Release May 2010,District,26,Tetritskaro,Average age of voters,50.0301962416,Numbers of voters over 99 years old,8,Number of voters between 85 and 99 years old,579,Total Voters,21290,Number of voter duplications,14
Release May 2010,District,27,Mtskheta,Average age of voters,45.6581742811,Numbers of voters over 99 years old,6,Number of voters between 85 and 99 years old,474,Total Voters,42774,Number of voter duplications,30
Release May 2010,District,28,Dusheti,Average age of voters,48.8502302829,Numbers of voters over 99 years old,15,Number of voters between 85 and 99 years old,557,Total Voters,26424,Number of voter duplications,38
Release May 2010,District,29,Kazbegi,Average age of voters,46.5322795788,Numbers of voters over 99 years old,0,Number of voters between 85 and 99 years old,73,Total Voters,6026,Number of voter duplications,17
Release May 2010,District,30,Kaspi,Average age of voters,46.9798664835,Numbers of voters over 99 years old,8,Number of voters between 85 and 99 years old,580,Total Voters,40391,Number of voter duplications,24
Release May 2010,District,32,Gori,Average age of voters,45.5661293607,Numbers of voters over 99 years old,16,Number of voters between 85 and 99 years old,1185,Total Voters,110233,Number of voter duplications,78
Release May 2010,District,33,Kareli,Average age of voters,46.2505495189,Numbers of voters over 99 years old,18,Number of voters between 85 and 99 years old,515,Total Voters,37142,Number of voter duplications,31
Release May 2010,District,35,Khashuri,Average age of voters,45.9652521177,Numbers of voters over 99 years old,5,Number of voters between 85 and 99 years old,633,Total Voters,50217,Number of voter duplications,97
Release May 2010,District,36,Borjomi,Average age of voters,46.542603479,Numbers of voters over 99 years old,1,Number of voters between 85 and 99 years old,436,Total Voters,27819,Number of voter duplications,44
Release May 2010,District,37,Akhaltsikhe,Average age of voters,46.7535586358,Numbers of voters over 99 years old,9,Number of voters between 85 and 99 years old,564,Total Voters,36386,Number of voter duplications,35
Release May 2010,District,38,Adigeni,Average age of voters,45.1786180562,Numbers of voters over 99 years old,0,Number of voters between 85 and 99 years old,208,Total Voters,15908,Number of voter duplications,11
Release May 2010,District,39,Aspindza,Average age of voters,46.434366495,Numbers of voters over 99 years old,3,Number of voters between 85 and 99 years old,161,Total Voters,9863,Number of voter duplications,12
Release May 2010,District,40,Akhalkalaki,Average age of voters,45.0898058566,Numbers of voters over 99 years old,10,Number of voters between 85 and 99 years old,496,Total Voters,41298,Number of voter duplications,8
Release May 2010,District,41,Ninotsminda,Average age of voters,44.0968495158,Numbers of voters over 99 years old,5,Number of voters between 85 and 99 years old,234,Total Voters,22721,Number of voter duplications,2
Release May 2010,District,43,Oni,Average age of voters,57.6231110694,Numbers of voters over 99 years old,1,Number of voters between 85 and 99 years old,254,Total Voters,7047,Number of voter duplications,9
Release May 2010,District,44,Ambrolauri,Average age of voters,55.5798538997,Numbers of voters over 99 years old,5,Number of voters between 85 and 99 years old,423,Total Voters,12615,Number of voter duplications,11
Release May 2010,District,45,Tsageri,Average age of voters,52.2145151097,Numbers of voters over 99 years old,2,Number of voters between 85 and 99 years old,357,Total Voters,12532,Number of voter duplications,26
Release May 2010,District,46,Lentekhi,Average age of voters,49.2214725087,Numbers of voters over 99 years old,4,Number of voters between 85 and 99 years old,144,Total Voters,6162,Number of voter duplications,7
Release May 2010,District,47,Mestia,Average age of voters,48.5143780777,Numbers of voters over 99 years old,12,Number of voters between 85 and 99 years old,260,Total Voters,8483,Number of voter duplications,7
Release May 2010,District,48,Kharagauli,Average age of voters,48.866129647,Numbers of voters over 99 years old,0,Number of voters between 85 and 99 years old,484,Total Voters,20819,Number of voter duplications,30
Release May 2010,District,49,Terjola,Average age of voters,48.0860529262,Numbers of voters over 99 years old,16,Number of voters between 85 and 99 years old,682,Total Voters,34786,Number of voter duplications,34
Release May 2010,District,50,Sachkhere,Average age of voters,46.5298135975,Numbers of voters over 99 years old,5,Number of voters between 85 and 99 years old,587,Total Voters,43571,Number of voter duplications,53
Release May 2010,District,51,Zestaponi,Average age of voters,47.1282211093,Numbers of voters over 99 years old,6,Number of voters between 85 and 99 years old,882,Total Voters,57465,Number of voter duplications,58
Release May 2010,District,52,Bagdati,Average age of voters,47.9612421729,Numbers of voters over 99 years old,9,Number of voters between 85 and 99 years old,427,Total Voters,23634,Number of voter duplications,27
Release May 2010,District,53,Vani,Average age of voters,48.871444985,Numbers of voters over 99 years old,14,Number of voters between 85 and 99 years old,760,Total Voters,27480,Number of voter duplications,35
Release May 2010,District,54,Samtredia,Average age of voters,47.3341424639,Numbers of voters over 99 years old,6,Number of voters between 85 and 99 years old,766,Total Voters,48684,Number of voter duplications,52
Release May 2010,District,55,Khoni,Average age of voters,48.3038571726,Numbers of voters over 99 years old,23,Number of voters between 85 and 99 years old,493,Total Voters,24605,Number of voter duplications,16
Release May 2010,District,56,Chiatura,Average age of voters,47.4782074524,Numbers of voters over 99 years old,6,Number of voters between 85 and 99 years old,809,Total Voters,46725,Number of voter duplications,66
Release May 2010,District,57,Tkibuli,Average age of voters,50.1044325475,Numbers of voters over 99 years old,5,Number of voters between 85 and 99 years old,511,Total Voters,24882,Number of voter duplications,25
Release May 2010,District,58,Tskaltubo,Average age of voters,47.8796298665,Numbers of voters over 99 years old,7,Number of voters between 85 and 99 years old,813,Total Voters,55140,Number of voter duplications,41
Release May 2010,District,59,Kutaisi,Average age of voters,45.3938242971,Numbers of voters over 99 years old,10,Number of voters between 85 and 99 years old,1315,Total Voters,161628,Number of voter duplications,170
Release May 2010,District,60,Ozurgeti,Average age of voters,47.3144835775,Numbers of voters over 99 years old,12,Number of voters between 85 and 99 years old,1078,Total Voters,65066,Number of voter duplications,62
Release May 2010,District,61,Lanchkhuti,Average age of voters,48.294411058,Numbers of voters over 99 years old,6,Number of voters between 85 and 99 years old,604,Total Voters,30351,Number of voter duplications,41
Release May 2010,District,62,Chokhatauri,Average age of voters,49.8185607069,Numbers of voters over 99 years old,10,Number of voters between 85 and 99 years old,409,Total Voters,19046,Number of voter duplications,24
Release May 2010,District,63,Abasha,Average age of voters,47.8827479942,Numbers of voters over 99 years old,1,Number of voters between 85 and 99 years old,402,Total Voters,22138,Number of voter duplications,20
Release May 2010,District,64,Senaki,Average age of voters,47.79577685,Numbers of voters over 99 years old,6,Number of voters between 85 and 99 years old,610,Total Voters,42773,Number of voter duplications,36
Release May 2010,District,65,Martvili,Average age of voters,47.8625847386,Numbers of voters over 99 years old,11,Number of voters between 85 and 99 years old,614,Total Voters,35048,Number of voter duplications,31
Release May 2010,District,66,Khobi,Average age of voters,46.1578288523,Numbers of voters over 99 years old,16,Number of voters between 85 and 99 years old,395,Total Voters,29956,Number of voter duplications,29
Release May 2010,District,67,Zugdidi,Average age of voters,47.1079349009,Numbers of voters over 99 years old,79,Number of voters between 85 and 99 years old,2182,Total Voters,129824,Number of voter duplications,97
Release May 2010,District,68,Tsalenjikha,Average age of voters,46.3779572196,Numbers of voters over 99 years old,18,Number of voters between 85 and 99 years old,579,Total Voters,32225,Number of voter duplications,52
Release May 2010,District,69,Chkhorotsku,Average age of voters,46.7504381428,Numbers of voters over 99 years old,9,Number of voters between 85 and 99 years old,373,Total Voters,23453,Number of voter duplications,22
Release May 2010,District,70,Poti,Average age of voters,45.4644530451,Numbers of voters over 99 years old,1,Number of voters between 85 and 99 years old,412,Total Voters,39224,Number of voter duplications,27
Release May 2010,District,79,Batumi,Average age of voters,44.5262006105,Numbers of voters over 99 years old,19,Number of voters between 85 and 99 years old,1051,Total Voters,105458,Number of voter duplications,171
Release May 2010,District,80,Keda,Average age of voters,43.8145805255,Numbers of voters over 99 years old,9,Number of voters between 85 and 99 years old,215,Total Voters,15677,Number of voter duplications,55
Release May 2010,District,81,Kobuleti,Average age of voters,43.8352222892,Numbers of voters over 99 years old,23,Number of voters between 85 and 99 years old,637,Total Voters,68855,Number of voter duplications,137
Release May 2010,District,82,Shuakhevi,Average age of voters,44.1768342732,Numbers of voters over 99 years old,17,Number of voters between 85 and 99 years old,260,Total Voters,15346,Number of voter duplications,38
Release May 2010,District,83,Khelvachauri,Average age of voters,42.3369617524,Numbers of voters over 99 years old,11,Number of voters between 85 and 99 years old,501,Total Voters,65983,Number of voter duplications,142
Release May 2010,District,84,Khulo,Average age of voters,43.5636303134,Numbers of voters over 99 years old,18,Number of voters between 85 and 99 years old,369,Total Voters,24208,Number of voter duplications,174
