Event, Shape Type, Common ID, Common Name, Indicator, Value, Indicator, Value, Indicator, Value, Indicator, Value, Indicator, Value
Release May 2011,District,1,Mtatsminda,Average age of voters,47.7274713893,Number of voter duplications,49,Number of voters between 85 and 99 years old,951,Numbers of voters over 99 years old,9,Total Voters,50481
Release May 2011,District,2,Vake,Average age of voters,47.6707899253,Number of voter duplications,98,Number of voters between 85 and 99 years old,1697,Numbers of voters over 99 years old,35,Total Voters,95686
Release May 2011,District,3,Saburtalo,Average age of voters,46.8900712886,Number of voter duplications,113,Number of voters between 85 and 99 years old,2023,Numbers of voters over 99 years old,18,Total Voters,124957
Release May 2011,District,4,Krtsanisi,Average age of voters,45.1970960489,Number of voter duplications,31,Number of voters between 85 and 99 years old,594,Numbers of voters over 99 years old,9,Total Voters,44936
Release May 2011,District,5,Isani,Average age of voters,46.1391839258,Number of voter duplications,83,Number of voters between 85 and 99 years old,1457,Numbers of voters over 99 years old,21,Total Voters,113562
Release May 2011,District,6,Samgori,Average age of voters,45.0250206185,Number of voter duplications,149,Number of voters between 85 and 99 years old,1444,Numbers of voters over 99 years old,26,Total Voters,148032
Release May 2011,District,7,Chugureti,Average age of voters,46.4744138128,Number of voter duplications,85,Number of voters between 85 and 99 years old,907,Numbers of voters over 99 years old,13,Total Voters,57002
Release May 2011,District,8,Didube,Average age of voters,47.7818738956,Number of voter duplications,79,Number of voters between 85 and 99 years old,1244,Numbers of voters over 99 years old,17,Total Voters,70179
Release May 2011,District,9,Nadzaladevi,Average age of voters,46.3488312844,Number of voter duplications,138,Number of voters between 85 and 99 years old,1648,Numbers of voters over 99 years old,23,Total Voters,134616
Release May 2011,District,10,Gldani,Average age of voters,45.165083406,Number of voter duplications,131,Number of voters between 85 and 99 years old,1251,Numbers of voters over 99 years old,15,Total Voters,148170
Release May 2011,District,11,Sagarejo,Average age of voters,45.6668336136,Number of voter duplications,22,Number of voters between 85 and 99 years old,791,Numbers of voters over 99 years old,26,Total Voters,45344
Release May 2011,District,12,Gurjaani,Average age of voters,48.3171637226,Number of voter duplications,39,Number of voters between 85 and 99 years old,981,Numbers of voters over 99 years old,9,Total Voters,55737
Release May 2011,District,13,Signagi,Average age of voters,49.0710690515,Number of voter duplications,27,Number of voters between 85 and 99 years old,753,Numbers of voters over 99 years old,4,Total Voters,32235
Release May 2011,District,14,Dedoplistskaro,Average age of voters,47.8633058565,Number of voter duplications,32,Number of voters between 85 and 99 years old,578,Numbers of voters over 99 years old,6,Total Voters,23306
Release May 2011,District,15,Lagodekhi,Average age of voters,45.9648250948,Number of voter duplications,61,Number of voters between 85 and 99 years old,543,Numbers of voters over 99 years old,4,Total Voters,39405
Release May 2011,District,16,Kvareli,Average age of voters,46.6754135704,Number of voter duplications,23,Number of voters between 85 and 99 years old,489,Numbers of voters over 99 years old,2,Total Voters,29703
Release May 2011,District,17,Telavi,Average age of voters,46.8950731738,Number of voter duplications,37,Number of voters between 85 and 99 years old,903,Numbers of voters over 99 years old,5,Total Voters,57127
Release May 2011,District,18,Akhmeta,Average age of voters,46.9817283248,Number of voter duplications,13,Number of voters between 85 and 99 years old,589,Numbers of voters over 99 years old,11,Total Voters,30552
Release May 2011,District,19,Tianeti,Average age of voters,49.3549743735,Number of voter duplications,12,Number of voters between 85 and 99 years old,300,Numbers of voters over 99 years old,5,Total Voters,11223
Release May 2011,District,20,Rustavi,Average age of voters,44.645377588,Number of voter duplications,124,Number of voters between 85 and 99 years old,894,Numbers of voters over 99 years old,9,Total Voters,107809
Release May 2011,District,21,Gardabani,Average age of voters,44.1991892164,Number of voter duplications,65,Number of voters between 85 and 99 years old,741,Numbers of voters over 99 years old,17,Total Voters,72987
Release May 2011,District,22,Marneuli,Average age of voters,43.3324811938,Number of voter duplications,110,Number of voters between 85 and 99 years old,966,Numbers of voters over 99 years old,51,Total Voters,97070
Release May 2011,District,23,Bolnisi,Average age of voters,44.1446281474,Number of voter duplications,70,Number of voters between 85 and 99 years old,681,Numbers of voters over 99 years old,21,Total Voters,57512
Release May 2011,District,24,Dmanisi,Average age of voters,47.5071641455,Number of voter duplications,19,Number of voters between 85 and 99 years old,438,Numbers of voters over 99 years old,17,Total Voters,22935
Release May 2011,District,25,Tsalka,Average age of voters,49.1632771036,Number of voter duplications,16,Number of voters between 85 and 99 years old,850,Numbers of voters over 99 years old,39,Total Voters,23538
Release May 2011,District,26,Tetritskaro,Average age of voters,50.1736455912,Number of voter duplications,10,Number of voters between 85 and 99 years old,691,Numbers of voters over 99 years old,10,Total Voters,21520
Release May 2011,District,27,Mtskheta,Average age of voters,45.9134319681,Number of voter duplications,30,Number of voters between 85 and 99 years old,526,Numbers of voters over 99 years old,11,Total Voters,43599
Release May 2011,District,28,Dusheti,Average age of voters,49.6124213518,Number of voter duplications,39,Number of voters between 85 and 99 years old,647,Numbers of voters over 99 years old,14,Total Voters,26609
Release May 2011,District,29,Kazbegi,Average age of voters,46.8186447686,Number of voter duplications,14,Number of voters between 85 and 99 years old,82,Numbers of voters over 99 years old,0,Total Voters,5870
Release May 2011,District,30,Kaspi,Average age of voters,47.2054253444,Number of voter duplications,21,Number of voters between 85 and 99 years old,644,Numbers of voters over 99 years old,7,Total Voters,39986
Release May 2011,District,32,Gori,Average age of voters,45.58948729,Number of voter duplications,83,Number of voters between 85 and 99 years old,1324,Numbers of voters over 99 years old,16,Total Voters,109156
Release May 2011,District,33,Kareli,Average age of voters,46.5931286954,Number of voter duplications,32,Number of voters between 85 and 99 years old,578,Numbers of voters over 99 years old,20,Total Voters,37578
Release May 2011,District,35,Khashuri,Average age of voters,46.5148161638,Number of voter duplications,102,Number of voters between 85 and 99 years old,695,Numbers of voters over 99 years old,6,Total Voters,50273
Release May 2011,District,36,Borjomi,Average age of voters,46.6857881389,Number of voter duplications,46,Number of voters between 85 and 99 years old,447,Numbers of voters over 99 years old,3,Total Voters,27661
Release May 2011,District,37,Akhaltsikhe,Average age of voters,47.0245343221,Number of voter duplications,33,Number of voters between 85 and 99 years old,601,Numbers of voters over 99 years old,8,Total Voters,35325
Release May 2011,District,38,Adigeni,Average age of voters,45.3651800052,Number of voter duplications,15,Number of voters between 85 and 99 years old,225,Numbers of voters over 99 years old,0,Total Voters,15867
Release May 2011,District,39,Aspindza,Average age of voters,46.3405204483,Number of voter duplications,15,Number of voters between 85 and 99 years old,166,Numbers of voters over 99 years old,3,Total Voters,9831
Release May 2011,District,40,Akhalkalaki,Average age of voters,45.2901005377,Number of voter duplications,9,Number of voters between 85 and 99 years old,624,Numbers of voters over 99 years old,11,Total Voters,41733
Release May 2011,District,41,Ninotsminda,Average age of voters,43.8589611668,Number of voter duplications,2,Number of voters between 85 and 99 years old,293,Numbers of voters over 99 years old,6,Total Voters,22959
Release May 2011,District,43,Oni,Average age of voters,58.579919357,Number of voter duplications,10,Number of voters between 85 and 99 years old,264,Numbers of voters over 99 years old,3,Total Voters,6852
Release May 2011,District,44,Ambrolauri,Average age of voters,56.0821953292,Number of voter duplications,10,Number of voters between 85 and 99 years old,401,Numbers of voters over 99 years old,6,Total Voters,12239
Release May 2011,District,45,Tsageri,Average age of voters,52.4034776537,Number of voter duplications,26,Number of voters between 85 and 99 years old,383,Numbers of voters over 99 years old,2,Total Voters,12267
Release May 2011,District,46,Lentekhi,Average age of voters,49.4065341366,Number of voter duplications,8,Number of voters between 85 and 99 years old,157,Numbers of voters over 99 years old,3,Total Voters,6044
Release May 2011,District,47,Mestia,Average age of voters,48.0416755406,Number of voter duplications,7,Number of voters between 85 and 99 years old,308,Numbers of voters over 99 years old,11,Total Voters,8425
Release May 2011,District,48,Kharagauli,Average age of voters,49.460156297,Number of voter duplications,25,Number of voters between 85 and 99 years old,522,Numbers of voters over 99 years old,4,Total Voters,20549
Release May 2011,District,49,Terjola,Average age of voters,48.5086153295,Number of voter duplications,39,Number of voters between 85 and 99 years old,785,Numbers of voters over 99 years old,15,Total Voters,34878
Release May 2011,District,50,Sachkhere,Average age of voters,46.6532019143,Number of voter duplications,59,Number of voters between 85 and 99 years old,662,Numbers of voters over 99 years old,6,Total Voters,44076
Release May 2011,District,51,Zestaponi,Average age of voters,47.5559768995,Number of voter duplications,56,Number of voters between 85 and 99 years old,970,Numbers of voters over 99 years old,8,Total Voters,56842
Release May 2011,District,52,Bagdati,Average age of voters,48.6192904854,Number of voter duplications,27,Number of voters between 85 and 99 years old,508,Numbers of voters over 99 years old,6,Total Voters,23575
Release May 2011,District,53,Vani,Average age of voters,49.5429623933,Number of voter duplications,41,Number of voters between 85 and 99 years old,808,Numbers of voters over 99 years old,20,Total Voters,27284
Release May 2011,District,54,Samtredia,Average age of voters,48.0188508965,Number of voter duplications,54,Number of voters between 85 and 99 years old,892,Numbers of voters over 99 years old,12,Total Voters,48552
Release May 2011,District,55,Khoni,Average age of voters,48.8215978951,Number of voter duplications,15,Number of voters between 85 and 99 years old,527,Numbers of voters over 99 years old,18,Total Voters,24540
Release May 2011,District,56,Chiatura,Average age of voters,47.9845845115,Number of voter duplications,73,Number of voters between 85 and 99 years old,932,Numbers of voters over 99 years old,7,Total Voters,45981
Release May 2011,District,57,Tkibuli,Average age of voters,50.2253152862,Number of voter duplications,25,Number of voters between 85 and 99 years old,575,Numbers of voters over 99 years old,8,Total Voters,24404
Release May 2011,District,58,Tskaltubo,Average age of voters,47.8297850271,Number of voter duplications,45,Number of voters between 85 and 99 years old,869,Numbers of voters over 99 years old,4,Total Voters,55114
Release May 2011,District,59,Kutaisi,Average age of voters,45.8109271445,Number of voter duplications,168,Number of voters between 85 and 99 years old,1450,Numbers of voters over 99 years old,12,Total Voters,158445
Release May 2011,District,60,Ozurgeti,Average age of voters,47.1396387457,Number of voter duplications,62,Number of voters between 85 and 99 years old,1165,Numbers of voters over 99 years old,18,Total Voters,64851
Release May 2011,District,61,Lanchkhuti,Average age of voters,48.2066503724,Number of voter duplications,48,Number of voters between 85 and 99 years old,648,Numbers of voters over 99 years old,6,Total Voters,30222
Release May 2011,District,62,Chokhatauri,Average age of voters,49.311167227,Number of voter duplications,27,Number of voters between 85 and 99 years old,426,Numbers of voters over 99 years old,6,Total Voters,18882
Release May 2011,District,63,Abasha,Average age of voters,48.2264857255,Number of voter duplications,18,Number of voters between 85 and 99 years old,450,Numbers of voters over 99 years old,3,Total Voters,22107
Release May 2011,District,64,Senaki,Average age of voters,47.48139313,Number of voter duplications,34,Number of voters between 85 and 99 years old,654,Numbers of voters over 99 years old,6,Total Voters,42781
Release May 2011,District,65,Martvili,Average age of voters,48.0879704723,Number of voter duplications,32,Number of voters between 85 and 99 years old,724,Numbers of voters over 99 years old,13,Total Voters,34884
Release May 2011,District,66,Khobi,Average age of voters,46.9639839451,Number of voter duplications,32,Number of voters between 85 and 99 years old,447,Numbers of voters over 99 years old,15,Total Voters,29761
Release May 2011,District,67,Zugdidi,Average age of voters,47.3220088971,Number of voter duplications,104,Number of voters between 85 and 99 years old,2358,Numbers of voters over 99 years old,73,Total Voters,129883
Release May 2011,District,68,Tsalenjikha,Average age of voters,47.5029425455,Number of voter duplications,59,Number of voters between 85 and 99 years old,714,Numbers of voters over 99 years old,21,Total Voters,32406
Release May 2011,District,69,Chkhorotsku,Average age of voters,47.5886046184,Number of voter duplications,28,Number of voters between 85 and 99 years old,413,Numbers of voters over 99 years old,10,Total Voters,23339
Release May 2011,District,70,Poti,Average age of voters,45.8653809936,Number of voter duplications,25,Number of voters between 85 and 99 years old,488,Numbers of voters over 99 years old,1,Total Voters,39585
Release May 2011,District,79,Batumi,Average age of voters,44.9506914442,Number of voter duplications,176,Number of voters between 85 and 99 years old,1298,Numbers of voters over 99 years old,24,Total Voters,107488
Release May 2011,District,80,Keda,Average age of voters,44.0080930347,Number of voter duplications,51,Number of voters between 85 and 99 years old,232,Numbers of voters over 99 years old,8,Total Voters,15709
Release May 2011,District,81,Kobuleti,Average age of voters,43.8841253547,Number of voter duplications,138,Number of voters between 85 and 99 years old,699,Numbers of voters over 99 years old,24,Total Voters,69603
Release May 2011,District,82,Shuakhevi,Average age of voters,44.3203461937,Number of voter duplications,36,Number of voters between 85 and 99 years old,280,Numbers of voters over 99 years old,20,Total Voters,15276
Release May 2011,District,83,Khelvachauri,Average age of voters,42.7286029838,Number of voter duplications,146,Number of voters between 85 and 99 years old,523,Numbers of voters over 99 years old,13,Total Voters,66377
Release May 2011,District,84,Khulo,Average age of voters,43.5977729901,Number of voter duplications,180,Number of voters between 85 and 99 years old,389,Numbers of voters over 99 years old,13,Total Voters,24188
