Event, Shape Type, Common ID, Common Name, Indicator, Value, Indicator, Value, Indicator, Value, Indicator, Value, Indicator, Value
Release May 2011,Region,Adjara,Adjara,Average age of voters,43.9494689597,Number of voter duplications,727,Number of voters between 85 and 99 years old,3421,Numbers of voters over 99 years old,102,Total Voters,298641
Release May 2011,Region,Guria,Guria,Average age of voters,48.0314106595,Number of voter duplications,137,Number of voters between 85 and 99 years old,2239,Numbers of voters over 99 years old,30,Total Voters,113955
Release May 2011,Region,Imereti,Imereti,Average age of voters,47.7726471213,Number of voter duplications,627,Number of voters between 85 and 99 years old,9500,Numbers of voters over 99 years old,120,Total Voters,564240
Release May 2011,Region,Kakheti,Kakheti,Average age of voters,47.1411940379,Number of voter duplications,254,Number of voters between 85 and 99 years old,5627,Numbers of voters over 99 years old,67,Total Voters,313409
Release May 2011,Region,Kvemo Kartli,Kvemo Kartli,Average age of voters,45.5714477302,Number of voter duplications,414,Number of voters between 85 and 99 years old,5261,Numbers of voters over 99 years old,164,Total Voters,403371
Release May 2011,Region,Mtskheta-Mtianeti,Mtskheta-Mtianeti,Average age of voters,48.1048672757,Number of voter duplications,95,Number of voters between 85 and 99 years old,1555,Numbers of voters over 99 years old,30,Total Voters,87301
Release May 2011,Region,Racha-Lechkhumi and Kvemo Svaneti,Racha-Lechkhumi and Kvemo Svaneti,Average age of voters,54.2070466027,Number of voter duplications,54,Number of voters between 85 and 99 years old,1205,Numbers of voters over 99 years old,14,Total Voters,37402
Release May 2011,Region,Samegrelo-Zemo Svaneti,Samegrelo-Zemo Svaneti,Average age of voters,47.4396897841,Number of voter duplications,339,Number of voters between 85 and 99 years old,6556,Numbers of voters over 99 years old,153,Total Voters,363171
Release May 2011,Region,Samtskhe-Javakheti,Samtskhe-Javakheti,Average age of voters,45.6512603561,Number of voter duplications,120,Number of voters between 85 and 99 years old,2356,Numbers of voters over 99 years old,31,Total Voters,153376
Release May 2011,Region,Shida Kartli,Shida Kartli,Average age of voters,46.2205177213,Number of voter duplications,238,Number of voters between 85 and 99 years old,3241,Numbers of voters over 99 years old,49,Total Voters,236993
Release May 2011,Region,Tbilisi,Tbilisi,Average age of voters,46.2719747351,Number of voter duplications,956,Number of voters between 85 and 99 years old,13216,Numbers of voters over 99 years old,186,Total Voters,987621
