election,shape type,id,name,Indicator,total valid ballots cast,Indicator,total valid ballots cast,,Christian-Democratic Movement vote share,,We Ourselves vote share,,Georgian Group vote share,,Radical Democrats vote share,,National Democratic Party vote share,,votes 8-12,,votes 12-17,,votes 17-20
2008 Parliamentary Bi-election - Majoritarian,District,8,Didube,Total Turnout (#),7409,Total Turnout (%),10.4995,Vote share CDM (%),NULL,Vote share We Ourselves (%),NULL,Vote share Georgian Group (%),19.0714,Vote share National Party of Radical Democrats of Georgia (%),9.7719,Vote share National Democratic Party of Georgia (%),71.1567,Number of Precincts with votes per minute > 3 (08:00-12:00),1,Number of Precincts with votes per minute > 3 (12:00-17:00),0,Number of Precincts with votes per minute > 3 (17:00-20:00),1
2008 Parliamentary Bi-election - Majoritarian,District,2,Vake,Total Turnout (#),6880,Total Turnout (%),7.0508,Vote share CDM (%),42.7326,Vote share We Ourselves (%),34.3459,Vote share Georgian Group (%),22.9215,Vote share National Party of Radical Democrats of Georgia (%),NULL,Vote share National Democratic Party of Georgia (%),NULL,Number of Precincts with votes per minute > 3 (08:00-12:00),0,Number of Precincts with votes per minute > 3 (12:00-17:00),0,Number of Precincts with votes per minute > 3 (17:00-20:00),0
2008 Parliamentary Bi-election - Majoritarian,Region,Tbilisi,Tbilisi,Total Turnout (#),14289,Total Turnout (%),8.4982,Vote share CDM (%),20.5753,Vote share We Ourselves (%),16.5372,Vote share Georgian Group (%),20.9252,Vote share National Party of Radical Democrats of Georgia (%),5.0668,Vote share National Democratic Party of Georgia (%),36.8955,Number of Precincts with votes per minute > 3 (08:00-12:00),1,Number of Precincts with votes per minute > 3 (12:00-17:00),0,Number of Precincts with votes per minute > 3 (17:00-20:00),1
2008 Parliamentary Bi-election - Majoritarian,Precinct,1,2-1,Total Turnout (#),94,Total Turnout (%),6.275,Vote share CDM (%),39.3617,Vote share We Ourselves (%),17.0213,Vote share Georgian Group (%),43.617,Vote share National Party of Radical Democrats of Georgia (%),NULL,Vote share National Democratic Party of Georgia (%),NULL,Average votes per minute (08:00-12:00),0.1375,Average votes per minute (12:00-17:00),0.2056,Average votes per minute (17:00-20:00),0.11
2008 Parliamentary Bi-election - Majoritarian,Precinct,2,2-2,Total Turnout (#),85,Total Turnout (%),6.2731,Vote share CDM (%),35.2941,Vote share We Ourselves (%),41.1765,Vote share Georgian Group (%),23.5294,Vote share National Party of Radical Democrats of Georgia (%),NULL,Vote share National Democratic Party of Georgia (%),NULL,Average votes per minute (08:00-12:00),0.0875,Average votes per minute (12:00-17:00),0.3,Average votes per minute (17:00-20:00),0.0533
2008 Parliamentary Bi-election - Majoritarian,Precinct,3,2-3,Total Turnout (#),87,Total Turnout (%),5.8,Vote share CDM (%),35.6322,Vote share We Ourselves (%),20.6897,Vote share Georgian Group (%),43.6782,Vote share National Party of Radical Democrats of Georgia (%),NULL,Vote share National Democratic Party of Georgia (%),NULL,Average votes per minute (08:00-12:00),0.125,Average votes per minute (12:00-17:00),0.2056,Average votes per minute (17:00-20:00),0.0867
2008 Parliamentary Bi-election - Majoritarian,Precinct,4,2-4,Total Turnout (#),117,Total Turnout (%),8.1306,Vote share CDM (%),37.6068,Vote share We Ourselves (%),34.188,Vote share Georgian Group (%),28.2051,Vote share National Party of Radical Democrats of Georgia (%),NULL,Vote share National Democratic Party of Georgia (%),NULL,Average votes per minute (08:00-12:00),0.1458,Average votes per minute (12:00-17:00),0.3611,Average votes per minute (17:00-20:00),0.1033
2008 Parliamentary Bi-election - Majoritarian,Precinct,5,2-5,Total Turnout (#),92,Total Turnout (%),7.5534,Vote share CDM (%),31.5217,Vote share We Ourselves (%),40.2174,Vote share Georgian Group (%),28.2609,Vote share National Party of Radical Democrats of Georgia (%),NULL,Vote share National Democratic Party of Georgia (%),NULL,Average votes per minute (08:00-12:00),0.15,Average votes per minute (12:00-17:00),0.2778,Average votes per minute (17:00-20:00),0.0633
2008 Parliamentary Bi-election - Majoritarian,Precinct,6,2-6,Total Turnout (#),85,Total Turnout (%),5.5339,Vote share CDM (%),25.8824,Vote share We Ourselves (%),47.0588,Vote share Georgian Group (%),27.0588,Vote share National Party of Radical Democrats of Georgia (%),NULL,Vote share National Democratic Party of Georgia (%),NULL,Average votes per minute (08:00-12:00),0.15,Average votes per minute (12:00-17:00),0.2222,Average votes per minute (17:00-20:00),0.0567
2008 Parliamentary Bi-election - Majoritarian,Precinct,7,2-7,Total Turnout (#),105,Total Turnout (%),8.2095,Vote share CDM (%),35.2381,Vote share We Ourselves (%),36.1905,Vote share Georgian Group (%),28.5714,Vote share National Party of Radical Democrats of Georgia (%),NULL,Vote share National Democratic Party of Georgia (%),NULL,Average votes per minute (08:00-12:00),0.1708,Average votes per minute (12:00-17:00),0.2833,Average votes per minute (17:00-20:00),0.0667
2008 Parliamentary Bi-election - Majoritarian,Precinct,8,2-8,Total Turnout (#),69,Total Turnout (%),4.7718,Vote share CDM (%),33.3333,Vote share We Ourselves (%),23.1884,Vote share Georgian Group (%),43.4783,Vote share National Party of Radical Democrats of Georgia (%),NULL,Vote share National Democratic Party of Georgia (%),NULL,Average votes per minute (08:00-12:00),0.1333,Average votes per minute (12:00-17:00),0.1333,Average votes per minute (17:00-20:00),0.0567
2008 Parliamentary Bi-election - Majoritarian,Precinct,9,2-9,Total Turnout (#),99,Total Turnout (%),7.6212,Vote share CDM (%),30.303,Vote share We Ourselves (%),21.2121,Vote share Georgian Group (%),48.4848,Vote share National Party of Radical Democrats of Georgia (%),NULL,Vote share National Democratic Party of Georgia (%),NULL,Average votes per minute (08:00-12:00),0.2125,Average votes per minute (12:00-17:00),0.1611,Average votes per minute (17:00-20:00),0.0933
2008 Parliamentary Bi-election - Majoritarian,Precinct,10,2-10,Total Turnout (#),130,Total Turnout (%),8.254,Vote share CDM (%),26.1538,Vote share We Ourselves (%),34.6154,Vote share Georgian Group (%),39.2308,Vote share National Party of Radical Democrats of Georgia (%),NULL,Vote share National Democratic Party of Georgia (%),NULL,Average votes per minute (08:00-12:00),0.1875,Average votes per minute (12:00-17:00),0.4278,Average votes per minute (17:00-20:00),0.0667
2008 Parliamentary Bi-election - Majoritarian,Precinct,11,2-11,Total Turnout (#),94,Total Turnout (%),6.0141,Vote share CDM (%),42.5532,Vote share We Ourselves (%),17.0213,Vote share Georgian Group (%),40.4255,Vote share National Party of Radical Democrats of Georgia (%),NULL,Vote share National Democratic Party of Georgia (%),NULL,Average votes per minute (08:00-12:00),0.1708,Average votes per minute (12:00-17:00),0.2278,Average votes per minute (17:00-20:00),0.0767
2008 Parliamentary Bi-election - Majoritarian,Precinct,12,2-12,Total Turnout (#),111,Total Turnout (%),7.6446,Vote share CDM (%),40.5405,Vote share We Ourselves (%),35.1351,Vote share Georgian Group (%),24.3243,Vote share National Party of Radical Democrats of Georgia (%),NULL,Vote share National Democratic Party of Georgia (%),NULL,Average votes per minute (08:00-12:00),0.2208,Average votes per minute (12:00-17:00),0.2667,Average votes per minute (17:00-20:00),0.06
2008 Parliamentary Bi-election - Majoritarian,Precinct,13,2-13,Total Turnout (#),142,Total Turnout (%),9.1142,Vote share CDM (%),40.8451,Vote share We Ourselves (%),34.507,Vote share Georgian Group (%),24.6479,Vote share National Party of Radical Democrats of Georgia (%),NULL,Vote share National Democratic Party of Georgia (%),NULL,Average votes per minute (08:00-12:00),0.2167,Average votes per minute (12:00-17:00),0.4167,Average votes per minute (17:00-20:00),0.0733
2008 Parliamentary Bi-election - Majoritarian,Precinct,14,2-14,Total Turnout (#),61,Total Turnout (%),4.5421,Vote share CDM (%),52.459,Vote share We Ourselves (%),27.8689,Vote share Georgian Group (%),19.6721,Vote share National Party of Radical Democrats of Georgia (%),NULL,Vote share National Democratic Party of Georgia (%),NULL,Average votes per minute (08:00-12:00),0.0917,Average votes per minute (12:00-17:00),0.1556,Average votes per minute (17:00-20:00),0.0467
2008 Parliamentary Bi-election - Majoritarian,Precinct,15,2-15,Total Turnout (#),110,Total Turnout (%),7.7849,Vote share CDM (%),48.1818,Vote share We Ourselves (%),15.4545,Vote share Georgian Group (%),36.3636,Vote share National Party of Radical Democrats of Georgia (%),NULL,Vote share National Democratic Party of Georgia (%),NULL,Average votes per minute (08:00-12:00),0.2125,Average votes per minute (12:00-17:00),0.2389,Average votes per minute (17:00-20:00),0.0767
2008 Parliamentary Bi-election - Majoritarian,Precinct,16,2-16,Total Turnout (#),96,Total Turnout (%),6.7845,Vote share CDM (%),30.2083,Vote share We Ourselves (%),57.2917,Vote share Georgian Group (%),12.5,Vote share National Party of Radical Democrats of Georgia (%),NULL,Vote share National Democratic Party of Georgia (%),NULL,Average votes per minute (08:00-12:00),0.2,Average votes per minute (12:00-17:00),0.2333,Average votes per minute (17:00-20:00),0.0433
2008 Parliamentary Bi-election - Majoritarian,Precinct,17,2-17,Total Turnout (#),202,Total Turnout (%),14.5428,Vote share CDM (%),26.7327,Vote share We Ourselves (%),58.4158,Vote share Georgian Group (%),14.8515,Vote share National Party of Radical Democrats of Georgia (%),NULL,Vote share National Democratic Party of Georgia (%),NULL,Average votes per minute (08:00-12:00),0.3042,Average votes per minute (12:00-17:00),0.4667,Average votes per minute (17:00-20:00),0.18
2008 Parliamentary Bi-election - Majoritarian,Precinct,18,2-18,Total Turnout (#),123,Total Turnout (%),11.3469,Vote share CDM (%),18.6992,Vote share We Ourselves (%),18.6992,Vote share Georgian Group (%),62.6016,Vote share National Party of Radical Democrats of Georgia (%),NULL,Vote share National Democratic Party of Georgia (%),NULL,Average votes per minute (08:00-12:00),0.2083,Average votes per minute (12:00-17:00),0.2333,Average votes per minute (17:00-20:00),0.12
2008 Parliamentary Bi-election - Majoritarian,Precinct,19,2-19,Total Turnout (#),121,Total Turnout (%),8.7872,Vote share CDM (%),32.2314,Vote share We Ourselves (%),37.1901,Vote share Georgian Group (%),30.5785,Vote share National Party of Radical Democrats of Georgia (%),NULL,Vote share National Democratic Party of Georgia (%),NULL,Average votes per minute (08:00-12:00),0.1958,Average votes per minute (12:00-17:00),0.2944,Average votes per minute (17:00-20:00),0.0833
2008 Parliamentary Bi-election - Majoritarian,Precinct,20,2-20,Total Turnout (#),86,Total Turnout (%),29.3515,Vote share CDM (%),34.8837,Vote share We Ourselves (%),59.3023,Vote share Georgian Group (%),5.814,Vote share National Party of Radical Democrats of Georgia (%),NULL,Vote share National Democratic Party of Georgia (%),NULL,Average votes per minute (08:00-12:00),0.1792,Average votes per minute (12:00-17:00),0.15,Average votes per minute (17:00-20:00),0.06
2008 Parliamentary Bi-election - Majoritarian,Precinct,21,2-21,Total Turnout (#),9,Total Turnout (%),0.6787,Vote share CDM (%),33.3333,Vote share We Ourselves (%),55.5556,Vote share Georgian Group (%),11.1111,Vote share National Party of Radical Democrats of Georgia (%),NULL,Vote share National Democratic Party of Georgia (%),NULL,Average votes per minute (08:00-12:00),0.0167,Average votes per minute (12:00-17:00),0.0222,Average votes per minute (17:00-20:00),0.0067
2008 Parliamentary Bi-election - Majoritarian,Precinct,22,2-22,Total Turnout (#),56,Total Turnout (%),3.5623,Vote share CDM (%),58.9286,Vote share We Ourselves (%),26.7857,Vote share Georgian Group (%),14.2857,Vote share National Party of Radical Democrats of Georgia (%),NULL,Vote share National Democratic Party of Georgia (%),NULL,Average votes per minute (08:00-12:00),0.0708,Average votes per minute (12:00-17:00),0.1278,Average votes per minute (17:00-20:00),0.0733
2008 Parliamentary Bi-election - Majoritarian,Precinct,23,2-23,Total Turnout (#),87,Total Turnout (%),6.3411,Vote share CDM (%),41.3793,Vote share We Ourselves (%),31.0345,Vote share Georgian Group (%),27.5862,Vote share National Party of Radical Democrats of Georgia (%),NULL,Vote share National Democratic Party of Georgia (%),NULL,Average votes per minute (08:00-12:00),0.1583,Average votes per minute (12:00-17:00),0.2,Average votes per minute (17:00-20:00),0.0533
2008 Parliamentary Bi-election - Majoritarian,Precinct,24,2-24,Total Turnout (#),129,Total Turnout (%),8.5317,Vote share CDM (%),33.3333,Vote share We Ourselves (%),53.4884,Vote share Georgian Group (%),13.1783,Vote share National Party of Radical Democrats of Georgia (%),NULL,Vote share National Democratic Party of Georgia (%),NULL,Average votes per minute (08:00-12:00),0.2708,Average votes per minute (12:00-17:00),0.2389,Average votes per minute (17:00-20:00),0.1167
2008 Parliamentary Bi-election - Majoritarian,Precinct,25,2-25,Total Turnout (#),113,Total Turnout (%),7.4686,Vote share CDM (%),29.2035,Vote share We Ourselves (%),53.0973,Vote share Georgian Group (%),17.6991,Vote share National Party of Radical Democrats of Georgia (%),NULL,Vote share National Democratic Party of Georgia (%),NULL,Average votes per minute (08:00-12:00),0.1917,Average votes per minute (12:00-17:00),0.25,Average votes per minute (17:00-20:00),0.0867
2008 Parliamentary Bi-election - Majoritarian,Precinct,26,2-26,Total Turnout (#),68,Total Turnout (%),4.6448,Vote share CDM (%),51.4706,Vote share We Ourselves (%),25,Vote share Georgian Group (%),23.5294,Vote share National Party of Radical Democrats of Georgia (%),NULL,Vote share National Democratic Party of Georgia (%),NULL,Average votes per minute (08:00-12:00),0.1,Average votes per minute (12:00-17:00),0.2,Average votes per minute (17:00-20:00),0.0367
2008 Parliamentary Bi-election - Majoritarian,Precinct,27,2-27,Total Turnout (#),127,Total Turnout (%),8.2468,Vote share CDM (%),47.2441,Vote share We Ourselves (%),25.1969,Vote share Georgian Group (%),27.5591,Vote share National Party of Radical Democrats of Georgia (%),NULL,Vote share National Democratic Party of Georgia (%),NULL,Average votes per minute (08:00-12:00),0.2375,Average votes per minute (12:00-17:00),0.3222,Average votes per minute (17:00-20:00),0.0633
2008 Parliamentary Bi-election - Majoritarian,Precinct,28,2-28,Total Turnout (#),265,Total Turnout (%),14.5365,Vote share CDM (%),49.8113,Vote share We Ourselves (%),30.1887,Vote share Georgian Group (%),20,Vote share National Party of Radical Democrats of Georgia (%),NULL,Vote share National Democratic Party of Georgia (%),NULL,Average votes per minute (08:00-12:00),0.8333,Average votes per minute (12:00-17:00),0.4444,Average votes per minute (17:00-20:00),0.0633
2008 Parliamentary Bi-election - Majoritarian,Precinct,29,2-29,Total Turnout (#),81,Total Turnout (%),5.8738,Vote share CDM (%),55.5556,Vote share We Ourselves (%),17.284,Vote share Georgian Group (%),27.1605,Vote share National Party of Radical Democrats of Georgia (%),NULL,Vote share National Democratic Party of Georgia (%),NULL,Average votes per minute (08:00-12:00),0.1333,Average votes per minute (12:00-17:00),0.2333,Average votes per minute (17:00-20:00),0.0667
2008 Parliamentary Bi-election - Majoritarian,Precinct,30,2-30,Total Turnout (#),95,Total Turnout (%),6.5926,Vote share CDM (%),53.6842,Vote share We Ourselves (%),26.3158,Vote share Georgian Group (%),20,Vote share National Party of Radical Democrats of Georgia (%),NULL,Vote share National Democratic Party of Georgia (%),NULL,Average votes per minute (08:00-12:00),0.1542,Average votes per minute (12:00-17:00),0.2667,Average votes per minute (17:00-20:00),0.0467
2008 Parliamentary Bi-election - Majoritarian,Precinct,31,2-31,Total Turnout (#),52,Total Turnout (%),3.7627,Vote share CDM (%),59.6154,Vote share We Ourselves (%),19.2308,Vote share Georgian Group (%),21.1538,Vote share National Party of Radical Democrats of Georgia (%),NULL,Vote share National Democratic Party of Georgia (%),NULL,Average votes per minute (08:00-12:00),0.075,Average votes per minute (12:00-17:00),0.1333,Average votes per minute (17:00-20:00),0.07
2008 Parliamentary Bi-election - Majoritarian,Precinct,32,2-32,Total Turnout (#),98,Total Turnout (%),6.5596,Vote share CDM (%),43.8776,Vote share We Ourselves (%),29.5918,Vote share Georgian Group (%),26.5306,Vote share National Party of Radical Democrats of Georgia (%),NULL,Vote share National Democratic Party of Georgia (%),NULL,Average votes per minute (08:00-12:00),0.15,Average votes per minute (12:00-17:00),0.2611,Average votes per minute (17:00-20:00),0.07
2008 Parliamentary Bi-election - Majoritarian,Precinct,33,2-33,Total Turnout (#),86,Total Turnout (%),5.5093,Vote share CDM (%),38.3721,Vote share We Ourselves (%),26.7442,Vote share Georgian Group (%),34.8837,Vote share National Party of Radical Democrats of Georgia (%),NULL,Vote share National Democratic Party of Georgia (%),NULL,Average votes per minute (08:00-12:00),0.1708,Average votes per minute (12:00-17:00),0.2444,Average votes per minute (17:00-20:00),0.04
2008 Parliamentary Bi-election - Majoritarian,Precinct,34,2-34,Total Turnout (#),97,Total Turnout (%),6.1823,Vote share CDM (%),42.268,Vote share We Ourselves (%),27.8351,Vote share Georgian Group (%),29.8969,Vote share National Party of Radical Democrats of Georgia (%),NULL,Vote share National Democratic Party of Georgia (%),NULL,Average votes per minute (08:00-12:00),0.2,Average votes per minute (12:00-17:00),0.2444,Average votes per minute (17:00-20:00),0.0433
2008 Parliamentary Bi-election - Majoritarian,Precinct,35,2-35,Total Turnout (#),73,Total Turnout (%),4.7995,Vote share CDM (%),56.1644,Vote share We Ourselves (%),19.1781,Vote share Georgian Group (%),24.6575,Vote share National Party of Radical Democrats of Georgia (%),NULL,Vote share National Democratic Party of Georgia (%),NULL,Average votes per minute (08:00-12:00),0.1,Average votes per minute (12:00-17:00),0.2444,Average votes per minute (17:00-20:00),0.0333
2008 Parliamentary Bi-election - Majoritarian,Precinct,36,2-36,Total Turnout (#),103,Total Turnout (%),6.6927,Vote share CDM (%),60.1942,Vote share We Ourselves (%),12.6214,Vote share Georgian Group (%),27.1845,Vote share National Party of Radical Democrats of Georgia (%),NULL,Vote share National Democratic Party of Georgia (%),NULL,Average votes per minute (08:00-12:00),0.175,Average votes per minute (12:00-17:00),0.3389,Average votes per minute (17:00-20:00),0.03
2008 Parliamentary Bi-election - Majoritarian,Precinct,37,2-37,Total Turnout (#),69,Total Turnout (%),5.2874,Vote share CDM (%),55.0725,Vote share We Ourselves (%),24.6377,Vote share Georgian Group (%),20.2899,Vote share National Party of Radical Democrats of Georgia (%),NULL,Vote share National Democratic Party of Georgia (%),NULL,Average votes per minute (08:00-12:00),0.0958,Average votes per minute (12:00-17:00),0.25,Average votes per minute (17:00-20:00),0.0333
2008 Parliamentary Bi-election - Majoritarian,Precinct,38,2-38,Total Turnout (#),84,Total Turnout (%),5.4902,Vote share CDM (%),54.7619,Vote share We Ourselves (%),28.5714,Vote share Georgian Group (%),16.6667,Vote share National Party of Radical Democrats of Georgia (%),NULL,Vote share National Democratic Party of Georgia (%),NULL,Average votes per minute (08:00-12:00),0.1333,Average votes per minute (12:00-17:00),0.2722,Average votes per minute (17:00-20:00),0.0533
2008 Parliamentary Bi-election - Majoritarian,Precinct,39,2-39,Total Turnout (#),54,Total Turnout (%),3.612,Vote share CDM (%),59.2593,Vote share We Ourselves (%),16.6667,Vote share Georgian Group (%),24.0741,Vote share National Party of Radical Democrats of Georgia (%),NULL,Vote share National Democratic Party of Georgia (%),NULL,Average votes per minute (08:00-12:00),0.0833,Average votes per minute (12:00-17:00),0.1944,Average votes per minute (17:00-20:00),0.0167
2008 Parliamentary Bi-election - Majoritarian,Precinct,40,2-40,Total Turnout (#),69,Total Turnout (%),7.3718,Vote share CDM (%),46.3768,Vote share We Ourselves (%),11.5942,Vote share Georgian Group (%),42.029,Vote share National Party of Radical Democrats of Georgia (%),NULL,Vote share National Democratic Party of Georgia (%),NULL,Average votes per minute (08:00-12:00),0.0875,Average votes per minute (12:00-17:00),0.1389,Average votes per minute (17:00-20:00),0.09
2008 Parliamentary Bi-election - Majoritarian,Precinct,41,2-41,Total Turnout (#),95,Total Turnout (%),6.3207,Vote share CDM (%),55.7895,Vote share We Ourselves (%),20,Vote share Georgian Group (%),24.2105,Vote share National Party of Radical Democrats of Georgia (%),NULL,Vote share National Democratic Party of Georgia (%),NULL,Average votes per minute (08:00-12:00),0.1625,Average votes per minute (12:00-17:00),0.2444,Average votes per minute (17:00-20:00),0.0833
2008 Parliamentary Bi-election - Majoritarian,Precinct,42,2-42,Total Turnout (#),91,Total Turnout (%),5.9868,Vote share CDM (%),40.6593,Vote share We Ourselves (%),26.3736,Vote share Georgian Group (%),32.967,Vote share National Party of Radical Democrats of Georgia (%),NULL,Vote share National Democratic Party of Georgia (%),NULL,Average votes per minute (08:00-12:00),0.1542,Average votes per minute (12:00-17:00),0.2222,Average votes per minute (17:00-20:00),0.0567
2008 Parliamentary Bi-election - Majoritarian,Precinct,43,2-43,Total Turnout (#),94,Total Turnout (%),5.774,Vote share CDM (%),23.4043,Vote share We Ourselves (%),52.1277,Vote share Georgian Group (%),24.4681,Vote share National Party of Radical Democrats of Georgia (%),NULL,Vote share National Democratic Party of Georgia (%),NULL,Average votes per minute (08:00-12:00),0.1958,Average votes per minute (12:00-17:00),0.2056,Average votes per minute (17:00-20:00),0.0567
2008 Parliamentary Bi-election - Majoritarian,Precinct,44,2-44,Total Turnout (#),80,Total Turnout (%),6.617,Vote share CDM (%),67.5,Vote share We Ourselves (%),21.25,Vote share Georgian Group (%),11.25,Vote share National Party of Radical Democrats of Georgia (%),NULL,Vote share National Democratic Party of Georgia (%),NULL,Average votes per minute (08:00-12:00),0.125,Average votes per minute (12:00-17:00),0.2056,Average votes per minute (17:00-20:00),0.06
2008 Parliamentary Bi-election - Majoritarian,Precinct,45,2-45,Total Turnout (#),93,Total Turnout (%),6.6667,Vote share CDM (%),59.1398,Vote share We Ourselves (%),24.7312,Vote share Georgian Group (%),16.129,Vote share National Party of Radical Democrats of Georgia (%),NULL,Vote share National Democratic Party of Georgia (%),NULL,Average votes per minute (08:00-12:00),0.1708,Average votes per minute (12:00-17:00),0.2389,Average votes per minute (17:00-20:00),0.05
2008 Parliamentary Bi-election - Majoritarian,Precinct,46,2-46,Total Turnout (#),76,Total Turnout (%),4.7411,Vote share CDM (%),63.1579,Vote share We Ourselves (%),19.7368,Vote share Georgian Group (%),17.1053,Vote share National Party of Radical Democrats of Georgia (%),NULL,Vote share National Democratic Party of Georgia (%),NULL,Average votes per minute (08:00-12:00),0.175,Average votes per minute (12:00-17:00),0.15,Average votes per minute (17:00-20:00),0.0433
2008 Parliamentary Bi-election - Majoritarian,Precinct,47,2-47,Total Turnout (#),72,Total Turnout (%),4.9965,Vote share CDM (%),52.7778,Vote share We Ourselves (%),18.0556,Vote share Georgian Group (%),29.1667,Vote share National Party of Radical Democrats of Georgia (%),NULL,Vote share National Democratic Party of Georgia (%),NULL,Average votes per minute (08:00-12:00),0.1583,Average votes per minute (12:00-17:00),0.1944,Average votes per minute (17:00-20:00),0.01
2008 Parliamentary Bi-election - Majoritarian,Precinct,48,2-48,Total Turnout (#),73,Total Turnout (%),5.5556,Vote share CDM (%),30.137,Vote share We Ourselves (%),54.7945,Vote share Georgian Group (%),15.0685,Vote share National Party of Radical Democrats of Georgia (%),NULL,Vote share National Democratic Party of Georgia (%),NULL,Average votes per minute (08:00-12:00),0.0958,Average votes per minute (12:00-17:00),0.2278,Average votes per minute (17:00-20:00),0.0367
2008 Parliamentary Bi-election - Majoritarian,Precinct,49,2-49,Total Turnout (#),86,Total Turnout (%),6.6667,Vote share CDM (%),37.2093,Vote share We Ourselves (%),27.907,Vote share Georgian Group (%),34.8837,Vote share National Party of Radical Democrats of Georgia (%),NULL,Vote share National Democratic Party of Georgia (%),NULL,Average votes per minute (08:00-12:00),0.1583,Average votes per minute (12:00-17:00),0.1778,Average votes per minute (17:00-20:00),0.0733
2008 Parliamentary Bi-election - Majoritarian,Precinct,50,2-50,Total Turnout (#),70,Total Turnout (%),5.4348,Vote share CDM (%),38.5714,Vote share We Ourselves (%),20,Vote share Georgian Group (%),41.4286,Vote share National Party of Radical Democrats of Georgia (%),NULL,Vote share National Democratic Party of Georgia (%),NULL,Average votes per minute (08:00-12:00),0.1375,Average votes per minute (12:00-17:00),0.1667,Average votes per minute (17:00-20:00),0.04
2008 Parliamentary Bi-election - Majoritarian,Precinct,51,2-51,Total Turnout (#),92,Total Turnout (%),8.6874,Vote share CDM (%),21.7391,Vote share We Ourselves (%),63.0435,Vote share Georgian Group (%),15.2174,Vote share National Party of Radical Democrats of Georgia (%),NULL,Vote share National Democratic Party of Georgia (%),NULL,Average votes per minute (08:00-12:00),0.1625,Average votes per minute (12:00-17:00),0.2333,Average votes per minute (17:00-20:00),0.0667
2008 Parliamentary Bi-election - Majoritarian,Precinct,52,2-52,Total Turnout (#),108,Total Turnout (%),7.7531,Vote share CDM (%),20.3704,Vote share We Ourselves (%),54.6296,Vote share Georgian Group (%),25,Vote share National Party of Radical Democrats of Georgia (%),NULL,Vote share National Democratic Party of Georgia (%),NULL,Average votes per minute (08:00-12:00),0.125,Average votes per minute (12:00-17:00),0.3222,Average votes per minute (17:00-20:00),0.0867
2008 Parliamentary Bi-election - Majoritarian,Precinct,53,2-53,Total Turnout (#),86,Total Turnout (%),5.5234,Vote share CDM (%),26.7442,Vote share We Ourselves (%),62.7907,Vote share Georgian Group (%),10.4651,Vote share National Party of Radical Democrats of Georgia (%),NULL,Vote share National Democratic Party of Georgia (%),NULL,Average votes per minute (08:00-12:00),0.1833,Average votes per minute (12:00-17:00),0.1278,Average votes per minute (17:00-20:00),0.07
2008 Parliamentary Bi-election - Majoritarian,Precinct,54,2-54,Total Turnout (#),75,Total Turnout (%),5.137,Vote share CDM (%),64,Vote share We Ourselves (%),10.6667,Vote share Georgian Group (%),25.3333,Vote share National Party of Radical Democrats of Georgia (%),NULL,Vote share National Democratic Party of Georgia (%),NULL,Average votes per minute (08:00-12:00),0.1333,Average votes per minute (12:00-17:00),0.2333,Average votes per minute (17:00-20:00),0.03
2008 Parliamentary Bi-election - Majoritarian,Precinct,55,2-55,Total Turnout (#),113,Total Turnout (%),7.6662,Vote share CDM (%),56.6372,Vote share We Ourselves (%),25.6637,Vote share Georgian Group (%),17.6991,Vote share National Party of Radical Democrats of Georgia (%),NULL,Vote share National Democratic Party of Georgia (%),NULL,Average votes per minute (08:00-12:00),0.2292,Average votes per minute (12:00-17:00),0.2722,Average votes per minute (17:00-20:00),0.0667
2008 Parliamentary Bi-election - Majoritarian,Precinct,56,2-56,Total Turnout (#),79,Total Turnout (%),5.5245,Vote share CDM (%),72.1519,Vote share We Ourselves (%),15.1899,Vote share Georgian Group (%),12.6582,Vote share National Party of Radical Democrats of Georgia (%),NULL,Vote share National Democratic Party of Georgia (%),NULL,Average votes per minute (08:00-12:00),0.1292,Average votes per minute (12:00-17:00),0.2,Average votes per minute (17:00-20:00),0.06
2008 Parliamentary Bi-election - Majoritarian,Precinct,57,2-57,Total Turnout (#),116,Total Turnout (%),7.1297,Vote share CDM (%),43.1034,Vote share We Ourselves (%),31.0345,Vote share Georgian Group (%),25.8621,Vote share National Party of Radical Democrats of Georgia (%),NULL,Vote share National Democratic Party of Georgia (%),NULL,Average votes per minute (08:00-12:00),0.2208,Average votes per minute (12:00-17:00),0.2833,Average votes per minute (17:00-20:00),0.0667
2008 Parliamentary Bi-election - Majoritarian,Precinct,58,2-58,Total Turnout (#),80,Total Turnout (%),5.1982,Vote share CDM (%),52.5,Vote share We Ourselves (%),32.5,Vote share Georgian Group (%),15,Vote share National Party of Radical Democrats of Georgia (%),NULL,Vote share National Democratic Party of Georgia (%),NULL,Average votes per minute (08:00-12:00),0.125,Average votes per minute (12:00-17:00),0.1722,Average votes per minute (17:00-20:00),0.0767
2008 Parliamentary Bi-election - Majoritarian,Precinct,59,2-59,Total Turnout (#),99,Total Turnout (%),6.9522,Vote share CDM (%),30.303,Vote share We Ourselves (%),51.5152,Vote share Georgian Group (%),18.1818,Vote share National Party of Radical Democrats of Georgia (%),NULL,Vote share National Democratic Party of Georgia (%),NULL,Average votes per minute (08:00-12:00),0.125,Average votes per minute (12:00-17:00),0.2389,Average votes per minute (17:00-20:00),0.1133
2008 Parliamentary Bi-election - Majoritarian,Precinct,60,2-60,Total Turnout (#),80,Total Turnout (%),5.9701,Vote share CDM (%),73.75,Vote share We Ourselves (%),10,Vote share Georgian Group (%),16.25,Vote share National Party of Radical Democrats of Georgia (%),NULL,Vote share National Democratic Party of Georgia (%),NULL,Average votes per minute (08:00-12:00),0.1667,Average votes per minute (12:00-17:00),0.2389,Average votes per minute (17:00-20:00),0.08
2008 Parliamentary Bi-election - Majoritarian,Precinct,61,2-61,Total Turnout (#),106,Total Turnout (%),7.604,Vote share CDM (%),64.1509,Vote share We Ourselves (%),21.6981,Vote share Georgian Group (%),14.1509,Vote share National Party of Radical Democrats of Georgia (%),NULL,Vote share National Democratic Party of Georgia (%),NULL,Average votes per minute (08:00-12:00),0.2042,Average votes per minute (12:00-17:00),0.2833,Average votes per minute (17:00-20:00),0.0433
2008 Parliamentary Bi-election - Majoritarian,Precinct,62,2-62,Total Turnout (#),52,Total Turnout (%),3.6011,Vote share CDM (%),55.7692,Vote share We Ourselves (%),23.0769,Vote share Georgian Group (%),21.1538,Vote share National Party of Radical Democrats of Georgia (%),NULL,Vote share National Democratic Party of Georgia (%),NULL,Average votes per minute (08:00-12:00),0.0917,Average votes per minute (12:00-17:00),0.1778,Average votes per minute (17:00-20:00),0.0167
2008 Parliamentary Bi-election - Majoritarian,Precinct,63,2-63,Total Turnout (#),84,Total Turnout (%),6.2547,Vote share CDM (%),53.5714,Vote share We Ourselves (%),21.4286,Vote share Georgian Group (%),25,Vote share National Party of Radical Democrats of Georgia (%),NULL,Vote share National Democratic Party of Georgia (%),NULL,Average votes per minute (08:00-12:00),0.1125,Average votes per minute (12:00-17:00),0.2278,Average votes per minute (17:00-20:00),0.0833
2008 Parliamentary Bi-election - Majoritarian,Precinct,64,2-64,Total Turnout (#),41,Total Turnout (%),4.2487,Vote share CDM (%),53.6585,Vote share We Ourselves (%),21.9512,Vote share Georgian Group (%),24.3902,Vote share National Party of Radical Democrats of Georgia (%),NULL,Vote share National Democratic Party of Georgia (%),NULL,Average votes per minute (08:00-12:00),0.1042,Average votes per minute (12:00-17:00),0.1,Average votes per minute (17:00-20:00),0.01
2008 Parliamentary Bi-election - Majoritarian,Precinct,65,2-65,Total Turnout (#),69,Total Turnout (%),9.3369,Vote share CDM (%),55.0725,Vote share We Ourselves (%),26.087,Vote share Georgian Group (%),18.8406,Vote share National Party of Radical Democrats of Georgia (%),NULL,Vote share National Democratic Party of Georgia (%),NULL,Average votes per minute (08:00-12:00),0.1083,Average votes per minute (12:00-17:00),0.1556,Average votes per minute (17:00-20:00),0.0633
2008 Parliamentary Bi-election - Majoritarian,Precinct,66,2-66,Total Turnout (#),226,Total Turnout (%),16.9542,Vote share CDM (%),34.5133,Vote share We Ourselves (%),61.9469,Vote share Georgian Group (%),3.5398,Vote share National Party of Radical Democrats of Georgia (%),NULL,Vote share National Democratic Party of Georgia (%),NULL,Average votes per minute (08:00-12:00),0.3375,Average votes per minute (12:00-17:00),0.4333,Average votes per minute (17:00-20:00),0.2433
2008 Parliamentary Bi-election - Majoritarian,Precinct,67,2-67,Total Turnout (#),130,Total Turnout (%),11.2166,Vote share CDM (%),32.3077,Vote share We Ourselves (%),63.0769,Vote share Georgian Group (%),4.6154,Vote share National Party of Radical Democrats of Georgia (%),NULL,Vote share National Democratic Party of Georgia (%),NULL,Average votes per minute (08:00-12:00),0.2167,Average votes per minute (12:00-17:00),0.1833,Average votes per minute (17:00-20:00),0.16
2008 Parliamentary Bi-election - Majoritarian,Precinct,68,2-68,Total Turnout (#),168,Total Turnout (%),11.9318,Vote share CDM (%),37.5,Vote share We Ourselves (%),52.381,Vote share Georgian Group (%),10.119,Vote share National Party of Radical Democrats of Georgia (%),NULL,Vote share National Democratic Party of Georgia (%),NULL,Average votes per minute (08:00-12:00),0.2208,Average votes per minute (12:00-17:00),0.4722,Average votes per minute (17:00-20:00),0.1233
2008 Parliamentary Bi-election - Majoritarian,Precinct,69,2-69,Total Turnout (#),134,Total Turnout (%),9.6961,Vote share CDM (%),61.194,Vote share We Ourselves (%),35.8209,Vote share Georgian Group (%),2.9851,Vote share National Party of Radical Democrats of Georgia (%),NULL,Vote share National Democratic Party of Georgia (%),NULL,Average votes per minute (08:00-12:00),0.1792,Average votes per minute (12:00-17:00),0.3056,Average votes per minute (17:00-20:00),0.1467
2008 Parliamentary Bi-election - Majoritarian,Precinct,70,2-70,Total Turnout (#),129,Total Turnout (%),13.1902,Vote share CDM (%),39.5349,Vote share We Ourselves (%),56.5891,Vote share Georgian Group (%),3.876,Vote share National Party of Radical Democrats of Georgia (%),NULL,Vote share National Democratic Party of Georgia (%),NULL,Average votes per minute (08:00-12:00),0.2,Average votes per minute (12:00-17:00),0.3222,Average votes per minute (17:00-20:00),0.1133
2008 Parliamentary Bi-election - Majoritarian,Precinct,71,2-71,Total Turnout (#),59,Total Turnout (%),9.3354,Vote share CDM (%),49.1525,Vote share We Ourselves (%),32.2034,Vote share Georgian Group (%),18.6441,Vote share National Party of Radical Democrats of Georgia (%),NULL,Vote share National Democratic Party of Georgia (%),NULL,Average votes per minute (08:00-12:00),0.1125,Average votes per minute (12:00-17:00),0.1278,Average votes per minute (17:00-20:00),0.0467
2008 Parliamentary Bi-election - Majoritarian,Precinct,1,8-1,Total Turnout (#),87,Total Turnout (%),6.2907,Vote share CDM (%),NULL,Vote share We Ourselves (%),NULL,Vote share Georgian Group (%),11.4943,Vote share National Party of Radical Democrats of Georgia (%),4.5977,Vote share National Democratic Party of Georgia (%),83.908,Average votes per minute (08:00-12:00),0.1583,Average votes per minute (12:00-17:00),0.2167,Average votes per minute (17:00-20:00),0.0567
2008 Parliamentary Bi-election - Majoritarian,Precinct,2,8-2,Total Turnout (#),890,Total Turnout (%),97.0556,Vote share CDM (%),NULL,Vote share We Ourselves (%),NULL,Vote share Georgian Group (%),29.2135,Vote share National Party of Radical Democrats of Georgia (%),25.8427,Vote share National Democratic Party of Georgia (%),44.9438,Average votes per minute (08:00-12:00),0.1167,Average votes per minute (12:00-17:00),0.2111,Average votes per minute (17:00-20:00),3.4633
2008 Parliamentary Bi-election - Majoritarian,Precinct,3,8-3,Total Turnout (#),119,Total Turnout (%),9.1258,Vote share CDM (%),NULL,Vote share We Ourselves (%),NULL,Vote share Georgian Group (%),13.4454,Vote share National Party of Radical Democrats of Georgia (%),8.4034,Vote share National Democratic Party of Georgia (%),78.1513,Average votes per minute (08:00-12:00),0.2042,Average votes per minute (12:00-17:00),0.3333,Average votes per minute (17:00-20:00),0.0633
2008 Parliamentary Bi-election - Majoritarian,Precinct,4,8-4,Total Turnout (#),105,Total Turnout (%),8.4746,Vote share CDM (%),NULL,Vote share We Ourselves (%),NULL,Vote share Georgian Group (%),13.3333,Vote share National Party of Radical Democrats of Georgia (%),10.4762,Vote share National Democratic Party of Georgia (%),76.1905,Average votes per minute (08:00-12:00),0.1417,Average votes per minute (12:00-17:00),0.2722,Average votes per minute (17:00-20:00),0.1
2008 Parliamentary Bi-election - Majoritarian,Precinct,5,8-5,Total Turnout (#),58,Total Turnout (%),4.384,Vote share CDM (%),NULL,Vote share We Ourselves (%),NULL,Vote share Georgian Group (%),5.1724,Vote share National Party of Radical Democrats of Georgia (%),6.8966,Vote share National Democratic Party of Georgia (%),87.931,Average votes per minute (08:00-12:00),0.0542,Average votes per minute (12:00-17:00),0.2111,Average votes per minute (17:00-20:00),0.0467
2008 Parliamentary Bi-election - Majoritarian,Precinct,6,8-6,Total Turnout (#),62,Total Turnout (%),7.3547,Vote share CDM (%),NULL,Vote share We Ourselves (%),NULL,Vote share Georgian Group (%),9.6774,Vote share National Party of Radical Democrats of Georgia (%),9.6774,Vote share National Democratic Party of Georgia (%),80.6452,Average votes per minute (08:00-12:00),0.0958,Average votes per minute (12:00-17:00),0.2111,Average votes per minute (17:00-20:00),0.0233
2008 Parliamentary Bi-election - Majoritarian,Precinct,7,8-7,Total Turnout (#),86,Total Turnout (%),7.1547,Vote share CDM (%),NULL,Vote share We Ourselves (%),NULL,Vote share Georgian Group (%),16.2791,Vote share National Party of Radical Democrats of Georgia (%),6.9767,Vote share National Democratic Party of Georgia (%),76.7442,Average votes per minute (08:00-12:00),0.1625,Average votes per minute (12:00-17:00),0.2722,Average votes per minute (17:00-20:00),0.0233
2008 Parliamentary Bi-election - Majoritarian,Precinct,8,8-8,Total Turnout (#),72,Total Turnout (%),4.8485,Vote share CDM (%),NULL,Vote share We Ourselves (%),NULL,Vote share Georgian Group (%),12.5,Vote share National Party of Radical Democrats of Georgia (%),5.5556,Vote share National Democratic Party of Georgia (%),81.9444,Average votes per minute (08:00-12:00),0.1167,Average votes per minute (12:00-17:00),0.2167,Average votes per minute (17:00-20:00),0.0467
2008 Parliamentary Bi-election - Majoritarian,Precinct,9,8-9,Total Turnout (#),135,Total Turnout (%),9.6913,Vote share CDM (%),NULL,Vote share We Ourselves (%),NULL,Vote share Georgian Group (%),20.7407,Vote share National Party of Radical Democrats of Georgia (%),5.9259,Vote share National Democratic Party of Georgia (%),73.3333,Average votes per minute (08:00-12:00),0.2292,Average votes per minute (12:00-17:00),0.3333,Average votes per minute (17:00-20:00),0.0933
2008 Parliamentary Bi-election - Majoritarian,Precinct,10,8-10,Total Turnout (#),107,Total Turnout (%),7.594,Vote share CDM (%),NULL,Vote share We Ourselves (%),NULL,Vote share Georgian Group (%),9.3458,Vote share National Party of Radical Democrats of Georgia (%),14.0187,Vote share National Democratic Party of Georgia (%),76.6355,Average votes per minute (08:00-12:00),0.1,Average votes per minute (12:00-17:00),0.3833,Average votes per minute (17:00-20:00),0.0633
2008 Parliamentary Bi-election - Majoritarian,Precinct,11,8-11,Total Turnout (#),481,Total Turnout (%),36.057,Vote share CDM (%),NULL,Vote share We Ourselves (%),NULL,Vote share Georgian Group (%),17.4636,Vote share National Party of Radical Democrats of Georgia (%),15.8004,Vote share National Democratic Party of Georgia (%),66.736,Average votes per minute (08:00-12:00),3.425,Average votes per minute (12:00-17:00),-1.75,Average votes per minute (17:00-20:00),0.0933
2008 Parliamentary Bi-election - Majoritarian,Precinct,12,8-12,Total Turnout (#),95,Total Turnout (%),7.7048,Vote share CDM (%),NULL,Vote share We Ourselves (%),NULL,Vote share Georgian Group (%),12.6316,Vote share National Party of Radical Democrats of Georgia (%),5.2632,Vote share National Democratic Party of Georgia (%),82.1053,Average votes per minute (08:00-12:00),NULL,Average votes per minute (12:00-17:00),NULL,Average votes per minute (17:00-20:00),NULL
2008 Parliamentary Bi-election - Majoritarian,Precinct,13,8-13,Total Turnout (#),71,Total Turnout (%),5.7397,Vote share CDM (%),NULL,Vote share We Ourselves (%),NULL,Vote share Georgian Group (%),21.1268,Vote share National Party of Radical Democrats of Georgia (%),5.6338,Vote share National Democratic Party of Georgia (%),73.2394,Average votes per minute (08:00-12:00),0.1375,Average votes per minute (12:00-17:00),0.1778,Average votes per minute (17:00-20:00),0.0467
2008 Parliamentary Bi-election - Majoritarian,Precinct,14,8-14,Total Turnout (#),90,Total Turnout (%),7.5,Vote share CDM (%),NULL,Vote share We Ourselves (%),NULL,Vote share Georgian Group (%),17.7778,Vote share National Party of Radical Democrats of Georgia (%),1.1111,Vote share National Democratic Party of Georgia (%),81.1111,Average votes per minute (08:00-12:00),0.1667,Average votes per minute (12:00-17:00),0.2278,Average votes per minute (17:00-20:00),0.0567
2008 Parliamentary Bi-election - Majoritarian,Precinct,15,8-15,Total Turnout (#),86,Total Turnout (%),6.1166,Vote share CDM (%),NULL,Vote share We Ourselves (%),NULL,Vote share Georgian Group (%),20.9302,Vote share National Party of Radical Democrats of Georgia (%),6.9767,Vote share National Democratic Party of Georgia (%),72.093,Average votes per minute (08:00-12:00),0.1875,Average votes per minute (12:00-17:00),0.2111,Average votes per minute (17:00-20:00),0.0467
2008 Parliamentary Bi-election - Majoritarian,Precinct,16,8-16,Total Turnout (#),121,Total Turnout (%),9.6955,Vote share CDM (%),NULL,Vote share We Ourselves (%),NULL,Vote share Georgian Group (%),5.7851,Vote share National Party of Radical Democrats of Georgia (%),8.2645,Vote share National Democratic Party of Georgia (%),85.9504,Average votes per minute (08:00-12:00),0.2083,Average votes per minute (12:00-17:00),0.3278,Average votes per minute (17:00-20:00),0.0633
2008 Parliamentary Bi-election - Majoritarian,Precinct,17,8-17,Total Turnout (#),95,Total Turnout (%),8.1266,Vote share CDM (%),NULL,Vote share We Ourselves (%),NULL,Vote share Georgian Group (%),10.5263,Vote share National Party of Radical Democrats of Georgia (%),3.1579,Vote share National Democratic Party of Georgia (%),86.3158,Average votes per minute (08:00-12:00),NULL,Average votes per minute (12:00-17:00),NULL,Average votes per minute (17:00-20:00),0.0767
2008 Parliamentary Bi-election - Majoritarian,Precinct,18,8-18,Total Turnout (#),117,Total Turnout (%),9.8319,Vote share CDM (%),NULL,Vote share We Ourselves (%),NULL,Vote share Georgian Group (%),20.5128,Vote share National Party of Radical Democrats of Georgia (%),10.2564,Vote share National Democratic Party of Georgia (%),69.2308,Average votes per minute (08:00-12:00),0.1333,Average votes per minute (12:00-17:00),0.35,Average votes per minute (17:00-20:00),0.0933
2008 Parliamentary Bi-election - Majoritarian,Precinct,19,8-19,Total Turnout (#),128,Total Turnout (%),9.816,Vote share CDM (%),NULL,Vote share We Ourselves (%),NULL,Vote share Georgian Group (%),13.2813,Vote share National Party of Radical Democrats of Georgia (%),4.6875,Vote share National Democratic Party of Georgia (%),82.0313,Average votes per minute (08:00-12:00),0.2375,Average votes per minute (12:00-17:00),0.2444,Average votes per minute (17:00-20:00),0.1067
2008 Parliamentary Bi-election - Majoritarian,Precinct,20,8-20,Total Turnout (#),80,Total Turnout (%),7.9286,Vote share CDM (%),NULL,Vote share We Ourselves (%),NULL,Vote share Georgian Group (%),31.25,Vote share National Party of Radical Democrats of Georgia (%),2.5,Vote share National Democratic Party of Georgia (%),66.25,Average votes per minute (08:00-12:00),0.0708,Average votes per minute (12:00-17:00),0.2556,Average votes per minute (17:00-20:00),0.0667
2008 Parliamentary Bi-election - Majoritarian,Precinct,21,8-21,Total Turnout (#),122,Total Turnout (%),11.0307,Vote share CDM (%),NULL,Vote share We Ourselves (%),NULL,Vote share Georgian Group (%),13.1148,Vote share National Party of Radical Democrats of Georgia (%),19.6721,Vote share National Democratic Party of Georgia (%),67.2131,Average votes per minute (08:00-12:00),0.175,Average votes per minute (12:00-17:00),0.3222,Average votes per minute (17:00-20:00),0.0933
2008 Parliamentary Bi-election - Majoritarian,Precinct,22,8-22,Total Turnout (#),187,Total Turnout (%),14.6322,Vote share CDM (%),NULL,Vote share We Ourselves (%),NULL,Vote share Georgian Group (%),12.8342,Vote share National Party of Radical Democrats of Georgia (%),5.8824,Vote share National Democratic Party of Georgia (%),81.2834,Average votes per minute (08:00-12:00),0.2167,Average votes per minute (12:00-17:00),0.4222,Average votes per minute (17:00-20:00),0.2333
2008 Parliamentary Bi-election - Majoritarian,Precinct,23,8-23,Total Turnout (#),113,Total Turnout (%),10.4436,Vote share CDM (%),NULL,Vote share We Ourselves (%),NULL,Vote share Georgian Group (%),35.3982,Vote share National Party of Radical Democrats of Georgia (%),1.7699,Vote share National Democratic Party of Georgia (%),62.8319,Average votes per minute (08:00-12:00),0.2042,Average votes per minute (12:00-17:00),0.3444,Average votes per minute (17:00-20:00),0.03
2008 Parliamentary Bi-election - Majoritarian,Precinct,24,8-24,Total Turnout (#),85,Total Turnout (%),5.7394,Vote share CDM (%),NULL,Vote share We Ourselves (%),NULL,Vote share Georgian Group (%),11.7647,Vote share National Party of Radical Democrats of Georgia (%),9.4118,Vote share National Democratic Party of Georgia (%),78.8235,Average votes per minute (08:00-12:00),0.1542,Average votes per minute (12:00-17:00),0.2167,Average votes per minute (17:00-20:00),0.0567
2008 Parliamentary Bi-election - Majoritarian,Precinct,25,8-25,Total Turnout (#),112,Total Turnout (%),7.5472,Vote share CDM (%),NULL,Vote share We Ourselves (%),NULL,Vote share Georgian Group (%),9.8214,Vote share National Party of Radical Democrats of Georgia (%),14.2857,Vote share National Democratic Party of Georgia (%),75.8929,Average votes per minute (08:00-12:00),0.1625,Average votes per minute (12:00-17:00),0.2722,Average votes per minute (17:00-20:00),0.0967
2008 Parliamentary Bi-election - Majoritarian,Precinct,26,8-26,Total Turnout (#),119,Total Turnout (%),8.7116,Vote share CDM (%),NULL,Vote share We Ourselves (%),NULL,Vote share Georgian Group (%),13.4454,Vote share National Party of Radical Democrats of Georgia (%),10.9244,Vote share National Democratic Party of Georgia (%),75.6303,Average votes per minute (08:00-12:00),0.1167,Average votes per minute (12:00-17:00),0.3722,Average votes per minute (17:00-20:00),0.11
2008 Parliamentary Bi-election - Majoritarian,Precinct,27,8-27,Total Turnout (#),148,Total Turnout (%),10.4816,Vote share CDM (%),NULL,Vote share We Ourselves (%),NULL,Vote share Georgian Group (%),19.5946,Vote share National Party of Radical Democrats of Georgia (%),8.1081,Vote share National Democratic Party of Georgia (%),72.2973,Average votes per minute (08:00-12:00),0.1208,Average votes per minute (12:00-17:00),0.5556,Average votes per minute (17:00-20:00),0.0833
2008 Parliamentary Bi-election - Majoritarian,Precinct,28,8-28,Total Turnout (#),73,Total Turnout (%),5.0241,Vote share CDM (%),NULL,Vote share We Ourselves (%),NULL,Vote share Georgian Group (%),20.5479,Vote share National Party of Radical Democrats of Georgia (%),6.8493,Vote share National Democratic Party of Georgia (%),72.6027,Average votes per minute (08:00-12:00),0.1458,Average votes per minute (12:00-17:00),0.1944,Average votes per minute (17:00-20:00),0.0133
2008 Parliamentary Bi-election - Majoritarian,Precinct,29,8-29,Total Turnout (#),139,Total Turnout (%),10.0361,Vote share CDM (%),NULL,Vote share We Ourselves (%),NULL,Vote share Georgian Group (%),7.9137,Vote share National Party of Radical Democrats of Georgia (%),1.4388,Vote share National Democratic Party of Georgia (%),90.6475,Average votes per minute (08:00-12:00),0.2,Average votes per minute (12:00-17:00),0.3333,Average votes per minute (17:00-20:00),0.12
2008 Parliamentary Bi-election - Majoritarian,Precinct,30,8-30,Total Turnout (#),125,Total Turnout (%),9.1979,Vote share CDM (%),NULL,Vote share We Ourselves (%),NULL,Vote share Georgian Group (%),14.4,Vote share National Party of Radical Democrats of Georgia (%),20.8,Vote share National Democratic Party of Georgia (%),64.8,Average votes per minute (08:00-12:00),0.225,Average votes per minute (12:00-17:00),0.3056,Average votes per minute (17:00-20:00),0.0767
2008 Parliamentary Bi-election - Majoritarian,Precinct,31,8-31,Total Turnout (#),265,Total Turnout (%),21.217,Vote share CDM (%),NULL,Vote share We Ourselves (%),NULL,Vote share Georgian Group (%),6.7925,Vote share National Party of Radical Democrats of Georgia (%),1.8868,Vote share National Democratic Party of Georgia (%),91.3208,Average votes per minute (08:00-12:00),0.2625,Average votes per minute (12:00-17:00),0.6056,Average votes per minute (17:00-20:00),0.32
2008 Parliamentary Bi-election - Majoritarian,Precinct,32,8-32,Total Turnout (#),131,Total Turnout (%),10.7026,Vote share CDM (%),NULL,Vote share We Ourselves (%),NULL,Vote share Georgian Group (%),20.6107,Vote share National Party of Radical Democrats of Georgia (%),9.9237,Vote share National Democratic Party of Georgia (%),69.4656,Average votes per minute (08:00-12:00),0.2667,Average votes per minute (12:00-17:00),0.3278,Average votes per minute (17:00-20:00),0.07
2008 Parliamentary Bi-election - Majoritarian,Precinct,33,8-33,Total Turnout (#),138,Total Turnout (%),10.2071,Vote share CDM (%),NULL,Vote share We Ourselves (%),NULL,Vote share Georgian Group (%),11.5942,Vote share National Party of Radical Democrats of Georgia (%),4.3478,Vote share National Democratic Party of Georgia (%),84.058,Average votes per minute (08:00-12:00),0.2,Average votes per minute (12:00-17:00),0.4222,Average votes per minute (17:00-20:00),0.07
2008 Parliamentary Bi-election - Majoritarian,Precinct,34,8-34,Total Turnout (#),110,Total Turnout (%),8.1602,Vote share CDM (%),NULL,Vote share We Ourselves (%),NULL,Vote share Georgian Group (%),15.4545,Vote share National Party of Radical Democrats of Georgia (%),5.4545,Vote share National Democratic Party of Georgia (%),79.0909,Average votes per minute (08:00-12:00),0.1917,Average votes per minute (12:00-17:00),0.3111,Average votes per minute (17:00-20:00),0.0567
2008 Parliamentary Bi-election - Majoritarian,Precinct,35,8-35,Total Turnout (#),81,Total Turnout (%),5.7325,Vote share CDM (%),NULL,Vote share We Ourselves (%),NULL,Vote share Georgian Group (%),14.8148,Vote share National Party of Radical Democrats of Georgia (%),13.5802,Vote share National Democratic Party of Georgia (%),71.6049,Average votes per minute (08:00-12:00),0.1333,Average votes per minute (12:00-17:00),0.3,Average votes per minute (17:00-20:00),0.0133
2008 Parliamentary Bi-election - Majoritarian,Precinct,36,8-36,Total Turnout (#),117,Total Turnout (%),8.6347,Vote share CDM (%),NULL,Vote share We Ourselves (%),NULL,Vote share Georgian Group (%),23.0769,Vote share National Party of Radical Democrats of Georgia (%),8.547,Vote share National Democratic Party of Georgia (%),68.3761,Average votes per minute (08:00-12:00),0.1875,Average votes per minute (12:00-17:00),0.3,Average votes per minute (17:00-20:00),0.0767
2008 Parliamentary Bi-election - Majoritarian,Precinct,37,8-37,Total Turnout (#),93,Total Turnout (%),6.681,Vote share CDM (%),NULL,Vote share We Ourselves (%),NULL,Vote share Georgian Group (%),30.1075,Vote share National Party of Radical Democrats of Georgia (%),11.828,Vote share National Democratic Party of Georgia (%),58.0645,Average votes per minute (08:00-12:00),0.1917,Average votes per minute (12:00-17:00),0.2333,Average votes per minute (17:00-20:00),0.05
2008 Parliamentary Bi-election - Majoritarian,Precinct,38,8-38,Total Turnout (#),64,Total Turnout (%),7.2893,Vote share CDM (%),NULL,Vote share We Ourselves (%),NULL,Vote share Georgian Group (%),28.125,Vote share National Party of Radical Democrats of Georgia (%),7.8125,Vote share National Democratic Party of Georgia (%),64.0625,Average votes per minute (08:00-12:00),0.1625,Average votes per minute (12:00-17:00),0.1167,Average votes per minute (17:00-20:00),0.0267
2008 Parliamentary Bi-election - Majoritarian,Precinct,39,8-39,Total Turnout (#),140,Total Turnout (%),9.8522,Vote share CDM (%),NULL,Vote share We Ourselves (%),NULL,Vote share Georgian Group (%),7.1429,Vote share National Party of Radical Democrats of Georgia (%),3.5714,Vote share National Democratic Party of Georgia (%),89.2857,Average votes per minute (08:00-12:00),0.1875,Average votes per minute (12:00-17:00),0.3833,Average votes per minute (17:00-20:00),0.1033
2008 Parliamentary Bi-election - Majoritarian,Precinct,40,8-40,Total Turnout (#),122,Total Turnout (%),8.9838,Vote share CDM (%),NULL,Vote share We Ourselves (%),NULL,Vote share Georgian Group (%),15.5738,Vote share National Party of Radical Democrats of Georgia (%),4.0984,Vote share National Democratic Party of Georgia (%),80.3279,Average votes per minute (08:00-12:00),0.2,Average votes per minute (12:00-17:00),0.3778,Average votes per minute (17:00-20:00),0.06
2008 Parliamentary Bi-election - Majoritarian,Precinct,41,8-41,Total Turnout (#),102,Total Turnout (%),7.55,Vote share CDM (%),NULL,Vote share We Ourselves (%),NULL,Vote share Georgian Group (%),10.7843,Vote share National Party of Radical Democrats of Georgia (%),8.8235,Vote share National Democratic Party of Georgia (%),80.3922,Average votes per minute (08:00-12:00),0.125,Average votes per minute (12:00-17:00),0.3389,Average votes per minute (17:00-20:00),0.07
2008 Parliamentary Bi-election - Majoritarian,Precinct,42,8-42,Total Turnout (#),120,Total Turnout (%),8.2079,Vote share CDM (%),NULL,Vote share We Ourselves (%),NULL,Vote share Georgian Group (%),17.5,Vote share National Party of Radical Democrats of Georgia (%),6.6667,Vote share National Democratic Party of Georgia (%),75.8333,Average votes per minute (08:00-12:00),0.3375,Average votes per minute (12:00-17:00),0.1056,Average votes per minute (17:00-20:00),0.0933
2008 Parliamentary Bi-election - Majoritarian,Precinct,43,8-43,Total Turnout (#),136,Total Turnout (%),9.5105,Vote share CDM (%),NULL,Vote share We Ourselves (%),NULL,Vote share Georgian Group (%),19.1176,Vote share National Party of Radical Democrats of Georgia (%),9.5588,Vote share National Democratic Party of Georgia (%),71.3235,Average votes per minute (08:00-12:00),0.1375,Average votes per minute (12:00-17:00),0.4667,Average votes per minute (17:00-20:00),0.0733
2008 Parliamentary Bi-election - Majoritarian,Precinct,44,8-44,Total Turnout (#),116,Total Turnout (%),9.6586,Vote share CDM (%),NULL,Vote share We Ourselves (%),NULL,Vote share Georgian Group (%),16.3793,Vote share National Party of Radical Democrats of Georgia (%),3.4483,Vote share National Democratic Party of Georgia (%),80.1724,Average votes per minute (08:00-12:00),0.2333,Average votes per minute (12:00-17:00),0.2556,Average votes per minute (17:00-20:00),0.0567
2008 Parliamentary Bi-election - Majoritarian,Precinct,45,8-45,Total Turnout (#),84,Total Turnout (%),9.2818,Vote share CDM (%),NULL,Vote share We Ourselves (%),NULL,Vote share Georgian Group (%),30.9524,Vote share National Party of Radical Democrats of Georgia (%),1.1905,Vote share National Democratic Party of Georgia (%),67.8571,Average votes per minute (08:00-12:00),0.1583,Average votes per minute (12:00-17:00),0.2,Average votes per minute (17:00-20:00),0.0433
2008 Parliamentary Bi-election - Majoritarian,Precinct,46,8-46,Total Turnout (#),120,Total Turnout (%),9.5618,Vote share CDM (%),NULL,Vote share We Ourselves (%),NULL,Vote share Georgian Group (%),16.6667,Vote share National Party of Radical Democrats of Georgia (%),6.6667,Vote share National Democratic Party of Georgia (%),76.6667,Average votes per minute (08:00-12:00),0.1792,Average votes per minute (12:00-17:00),0.3611,Average votes per minute (17:00-20:00),0.07
2008 Parliamentary Bi-election - Majoritarian,Precinct,47,8-47,Total Turnout (#),114,Total Turnout (%),8.8167,Vote share CDM (%),NULL,Vote share We Ourselves (%),NULL,Vote share Georgian Group (%),13.1579,Vote share National Party of Radical Democrats of Georgia (%),5.2632,Vote share National Democratic Party of Georgia (%),81.5789,Average votes per minute (08:00-12:00),0.1958,Average votes per minute (12:00-17:00),0.3722,Average votes per minute (17:00-20:00),0.0267
2008 Parliamentary Bi-election - Majoritarian,Precinct,48,8-48,Total Turnout (#),118,Total Turnout (%),9.6484,Vote share CDM (%),NULL,Vote share We Ourselves (%),NULL,Vote share Georgian Group (%),28.8136,Vote share National Party of Radical Democrats of Georgia (%),5.9322,Vote share National Democratic Party of Georgia (%),65.2542,Average votes per minute (08:00-12:00),0.2292,Average votes per minute (12:00-17:00),0.2944,Average votes per minute (17:00-20:00),0.0567
2008 Parliamentary Bi-election - Majoritarian,Precinct,49,8-49,Total Turnout (#),165,Total Turnout (%),12.1413,Vote share CDM (%),NULL,Vote share We Ourselves (%),NULL,Vote share Georgian Group (%),31.5152,Vote share National Party of Radical Democrats of Georgia (%),3.0303,Vote share National Democratic Party of Georgia (%),65.4545,Average votes per minute (08:00-12:00),0.3542,Average votes per minute (12:00-17:00),0.4111,Average votes per minute (17:00-20:00),0.0733
2008 Parliamentary Bi-election - Majoritarian,Precinct,50,8-50,Total Turnout (#),168,Total Turnout (%),11.9658,Vote share CDM (%),NULL,Vote share We Ourselves (%),NULL,Vote share Georgian Group (%),45.2381,Vote share National Party of Radical Democrats of Georgia (%),6.5476,Vote share National Democratic Party of Georgia (%),48.2143,Average votes per minute (08:00-12:00),0.2542,Average votes per minute (12:00-17:00),0.4556,Average votes per minute (17:00-20:00),0.1267
2008 Parliamentary Bi-election - Majoritarian,Precinct,51,8-51,Total Turnout (#),125,Total Turnout (%),9.7201,Vote share CDM (%),NULL,Vote share We Ourselves (%),NULL,Vote share Georgian Group (%),40.8,Vote share National Party of Radical Democrats of Georgia (%),2.4,Vote share National Democratic Party of Georgia (%),56.8,Average votes per minute (08:00-12:00),0.1792,Average votes per minute (12:00-17:00),0.3667,Average votes per minute (17:00-20:00),0.0967
2008 Parliamentary Bi-election - Majoritarian,Precinct,52,8-52,Total Turnout (#),142,Total Turnout (%),10.4258,Vote share CDM (%),NULL,Vote share We Ourselves (%),NULL,Vote share Georgian Group (%),32.3944,Vote share National Party of Radical Democrats of Georgia (%),7.7465,Vote share National Democratic Party of Georgia (%),59.8592,Average votes per minute (08:00-12:00),0.2792,Average votes per minute (12:00-17:00),0.3167,Average votes per minute (17:00-20:00),0.0833
2008 Parliamentary Bi-election - Majoritarian,Precinct,53,8-53,Total Turnout (#),217,Total Turnout (%),14.9346,Vote share CDM (%),NULL,Vote share We Ourselves (%),NULL,Vote share Georgian Group (%),7.8341,Vote share National Party of Radical Democrats of Georgia (%),4.6083,Vote share National Democratic Party of Georgia (%),87.5576,Average votes per minute (08:00-12:00),0.4625,Average votes per minute (12:00-17:00),0.3722,Average votes per minute (17:00-20:00),0.1433
2008 Parliamentary Bi-election - Majoritarian,Precinct,54,8-54,Total Turnout (#),107,Total Turnout (%),9.9258,Vote share CDM (%),NULL,Vote share We Ourselves (%),NULL,Vote share Georgian Group (%),17.757,Vote share National Party of Radical Democrats of Georgia (%),7.4766,Vote share National Democratic Party of Georgia (%),74.7664,Average votes per minute (08:00-12:00),0.1292,Average votes per minute (12:00-17:00),0.3944,Average votes per minute (17:00-20:00),0.0833
2008 Parliamentary Bi-election - Majoritarian,Precinct,55,8-55,Total Turnout (#),6,Total Turnout (%),0.4691,Vote share CDM (%),NULL,Vote share We Ourselves (%),NULL,Vote share Georgian Group (%),0,Vote share National Party of Radical Democrats of Georgia (%),16.6667,Vote share National Democratic Party of Georgia (%),83.3333,Average votes per minute (08:00-12:00),0.0208,Average votes per minute (12:00-17:00),0.0056,Average votes per minute (17:00-20:00),0
