election,shape type,id,name,Indicator,total valid ballots cast,Indicator,total valid ballots cast,,United Communist Party vote share,,Georgian Group vote share,,Industry Save Georgia vote share,,We Ourselves vote share,,United National Movement vote share,,Christian-Democratic Movement vote share
2008 Adjara Supreme Council - Party List,District,83,Khelvachauri,Total Turnout (#),11513,Total Turnout (%),15.9881,Vote share United Communist Party (%),3.4743,Vote share Georgian Group (%),0.6601,Vote share Industry Will Save Georgia (%),2.1541,Vote share We Ourselves (%),7.0355,Vote share United National Movement (%),59.6543,Vote share CDM (%),26.9608
2008 Adjara Supreme Council - Party List,District,82,Shuakhevi,Total Turnout (#),334,Total Turnout (%),16.1509,Vote share United Communist Party (%),0.2994,Vote share Georgian Group (%),0.2994,Vote share Industry Will Save Georgia (%),0.8982,Vote share We Ourselves (%),3.2934,Vote share United National Movement (%),64.9701,Vote share CDM (%),30.2395
2008 Adjara Supreme Council - Party List,Region,Adjara,Adjara,Total Turnout (#),11847,Total Turnout (%),15.9926,Vote share United Communist Party (%),3.3848,Vote share Georgian Group (%),0.65,Vote share Industry Will Save Georgia (%),2.1187,Vote share We Ourselves (%),6.93,Vote share United National Movement (%),59.8042,Vote share CDM (%),27.0533
2008 Adjara Supreme Council - Party List,Precinct,6,82-6,Total Turnout (#),59,Total Turnout (%),15.5673,Vote share United Communist Party (%),0,Vote share Georgian Group (%),0,Vote share Industry Will Save Georgia (%),0,Vote share We Ourselves (%),0,Vote share United National Movement (%),74.5763,Vote share CDM (%),25.4237
2008 Adjara Supreme Council - Party List,Precinct,7,82-7,Total Turnout (#),31,Total Turnout (%),17.3184,Vote share United Communist Party (%),0,Vote share Georgian Group (%),0,Vote share Industry Will Save Georgia (%),0,Vote share We Ourselves (%),9.6774,Vote share United National Movement (%),51.6129,Vote share CDM (%),38.7097
2008 Adjara Supreme Council - Party List,Precinct,12,82-12,Total Turnout (#),39,Total Turnout (%),18.3099,Vote share United Communist Party (%),0,Vote share Georgian Group (%),0,Vote share Industry Will Save Georgia (%),0,Vote share We Ourselves (%),2.5641,Vote share United National Movement (%),53.8462,Vote share CDM (%),43.5897
2008 Adjara Supreme Council - Party List,Precinct,13,82-13,Total Turnout (#),27,Total Turnout (%),16.4634,Vote share United Communist Party (%),0,Vote share Georgian Group (%),0,Vote share Industry Will Save Georgia (%),3.7037,Vote share We Ourselves (%),11.1111,Vote share United National Movement (%),59.2593,Vote share CDM (%),25.9259
2008 Adjara Supreme Council - Party List,Precinct,17,82-17,Total Turnout (#),61,Total Turnout (%),15.9269,Vote share United Communist Party (%),0,Vote share Georgian Group (%),1.6393,Vote share Industry Will Save Georgia (%),0,Vote share We Ourselves (%),0,Vote share United National Movement (%),65.5738,Vote share CDM (%),32.7869
2008 Adjara Supreme Council - Party List,Precinct,43,82-43,Total Turnout (#),60,Total Turnout (%),15.1899,Vote share United Communist Party (%),0,Vote share Georgian Group (%),0,Vote share Industry Will Save Georgia (%),1.6667,Vote share We Ourselves (%),3.3333,Vote share United National Movement (%),63.3333,Vote share CDM (%),31.6667
2008 Adjara Supreme Council - Party List,Precinct,48,82-48,Total Turnout (#),57,Total Turnout (%),16.0563,Vote share United Communist Party (%),1.7544,Vote share Georgian Group (%),0,Vote share Industry Will Save Georgia (%),1.7544,Vote share We Ourselves (%),3.5088,Vote share United National Movement (%),73.6842,Vote share CDM (%),19.2982
2008 Adjara Supreme Council - Party List,Precinct,1,83-1,Total Turnout (#),134,Total Turnout (%),15.4734,Vote share United Communist Party (%),2.2388,Vote share Georgian Group (%),0,Vote share Industry Will Save Georgia (%),2.2388,Vote share We Ourselves (%),6.7164,Vote share United National Movement (%),55.2239,Vote share CDM (%),33.5821
2008 Adjara Supreme Council - Party List,Precinct,2,83-2,Total Turnout (#),291,Total Turnout (%),25.1079,Vote share United Communist Party (%),0.6873,Vote share Georgian Group (%),1.0309,Vote share Industry Will Save Georgia (%),2.7491,Vote share We Ourselves (%),4.4674,Vote share United National Movement (%),64.6048,Vote share CDM (%),26.4605
2008 Adjara Supreme Council - Party List,Precinct,3,83-3,Total Turnout (#),117,Total Turnout (%),7.943,Vote share United Communist Party (%),1.7094,Vote share Georgian Group (%),0,Vote share Industry Will Save Georgia (%),8.547,Vote share We Ourselves (%),16.2393,Vote share United National Movement (%),44.4444,Vote share CDM (%),29.0598
2008 Adjara Supreme Council - Party List,Precinct,4,83-4,Total Turnout (#),74,Total Turnout (%),8.0786,Vote share United Communist Party (%),0,Vote share Georgian Group (%),2.7027,Vote share Industry Will Save Georgia (%),2.7027,Vote share We Ourselves (%),33.7838,Vote share United National Movement (%),39.1892,Vote share CDM (%),21.6216
2008 Adjara Supreme Council - Party List,Precinct,5,83-5,Total Turnout (#),143,Total Turnout (%),13.4021,Vote share United Communist Party (%),1.3986,Vote share Georgian Group (%),0,Vote share Industry Will Save Georgia (%),0.6993,Vote share We Ourselves (%),14.6853,Vote share United National Movement (%),43.3566,Vote share CDM (%),39.8601
2008 Adjara Supreme Council - Party List,Precinct,6,83-6,Total Turnout (#),120,Total Turnout (%),9.8847,Vote share United Communist Party (%),1.6667,Vote share Georgian Group (%),0,Vote share Industry Will Save Georgia (%),0,Vote share We Ourselves (%),10.8333,Vote share United National Movement (%),37.5,Vote share CDM (%),50
2008 Adjara Supreme Council - Party List,Precinct,7,83-7,Total Turnout (#),177,Total Turnout (%),14.0365,Vote share United Communist Party (%),3.9548,Vote share Georgian Group (%),2.2599,Vote share Industry Will Save Georgia (%),0,Vote share We Ourselves (%),11.2994,Vote share United National Movement (%),44.6328,Vote share CDM (%),37.8531
2008 Adjara Supreme Council - Party List,Precinct,8,83-8,Total Turnout (#),149,Total Turnout (%),11.882,Vote share United Communist Party (%),6.0403,Vote share Georgian Group (%),2.0134,Vote share Industry Will Save Georgia (%),0.6711,Vote share We Ourselves (%),8.0537,Vote share United National Movement (%),57.7181,Vote share CDM (%),25.5034
2008 Adjara Supreme Council - Party List,Precinct,9,83-9,Total Turnout (#),226,Total Turnout (%),18.6315,Vote share United Communist Party (%),1.3274,Vote share Georgian Group (%),0,Vote share Industry Will Save Georgia (%),0,Vote share We Ourselves (%),34.9558,Vote share United National Movement (%),34.0708,Vote share CDM (%),29.2035
2008 Adjara Supreme Council - Party List,Precinct,10,83-10,Total Turnout (#),171,Total Turnout (%),16.348,Vote share United Communist Party (%),0,Vote share Georgian Group (%),1.1696,Vote share Industry Will Save Georgia (%),1.7544,Vote share We Ourselves (%),12.2807,Vote share United National Movement (%),64.9123,Vote share CDM (%),19.883
2008 Adjara Supreme Council - Party List,Precinct,11,83-11,Total Turnout (#),236,Total Turnout (%),21.9739,Vote share United Communist Party (%),3.3898,Vote share Georgian Group (%),2.5424,Vote share Industry Will Save Georgia (%),0.4237,Vote share We Ourselves (%),10.5932,Vote share United National Movement (%),68.2203,Vote share CDM (%),14.4068
2008 Adjara Supreme Council - Party List,Precinct,12,83-12,Total Turnout (#),102,Total Turnout (%),7.1529,Vote share United Communist Party (%),4.902,Vote share Georgian Group (%),3.9216,Vote share Industry Will Save Georgia (%),8.8235,Vote share We Ourselves (%),12.7451,Vote share United National Movement (%),43.1373,Vote share CDM (%),25.4902
2008 Adjara Supreme Council - Party List,Precinct,13,83-13,Total Turnout (#),124,Total Turnout (%),8.9855,Vote share United Communist Party (%),1.6129,Vote share Georgian Group (%),0.8065,Vote share Industry Will Save Georgia (%),1.6129,Vote share We Ourselves (%),11.2903,Vote share United National Movement (%),48.3871,Vote share CDM (%),36.2903
2008 Adjara Supreme Council - Party List,Precinct,14,83-14,Total Turnout (#),151,Total Turnout (%),11.0785,Vote share United Communist Party (%),7.2848,Vote share Georgian Group (%),0,Vote share Industry Will Save Georgia (%),2.649,Vote share We Ourselves (%),7.2848,Vote share United National Movement (%),45.6954,Vote share CDM (%),37.0861
2008 Adjara Supreme Council - Party List,Precinct,15,83-15,Total Turnout (#),145,Total Turnout (%),10.7647,Vote share United Communist Party (%),2.7586,Vote share Georgian Group (%),0.6897,Vote share Industry Will Save Georgia (%),15.1724,Vote share We Ourselves (%),1.3793,Vote share United National Movement (%),46.8966,Vote share CDM (%),33.1034
2008 Adjara Supreme Council - Party List,Precinct,16,83-16,Total Turnout (#),190,Total Turnout (%),12.5578,Vote share United Communist Party (%),0.5263,Vote share Georgian Group (%),0,Vote share Industry Will Save Georgia (%),3.6842,Vote share We Ourselves (%),7.8947,Vote share United National Movement (%),67.3684,Vote share CDM (%),20.5263
2008 Adjara Supreme Council - Party List,Precinct,17,83-17,Total Turnout (#),445,Total Turnout (%),42.9122,Vote share United Communist Party (%),0.4494,Vote share Georgian Group (%),2.0225,Vote share Industry Will Save Georgia (%),0.8989,Vote share We Ourselves (%),2.9213,Vote share United National Movement (%),75.5056,Vote share CDM (%),18.2022
2008 Adjara Supreme Council - Party List,Precinct,18,83-18,Total Turnout (#),195,Total Turnout (%),15.3785,Vote share United Communist Party (%),5.641,Vote share Georgian Group (%),1.0256,Vote share Industry Will Save Georgia (%),6.6667,Vote share We Ourselves (%),3.5897,Vote share United National Movement (%),67.1795,Vote share CDM (%),15.8974
2008 Adjara Supreme Council - Party List,Precinct,19,83-19,Total Turnout (#),225,Total Turnout (%),16.0142,Vote share United Communist Party (%),2.6667,Vote share Georgian Group (%),0.4444,Vote share Industry Will Save Georgia (%),2.6667,Vote share We Ourselves (%),2.2222,Vote share United National Movement (%),63.1111,Vote share CDM (%),28.8889
2008 Adjara Supreme Council - Party List,Precinct,20,83-20,Total Turnout (#),105,Total Turnout (%),14.5429,Vote share United Communist Party (%),3.8095,Vote share Georgian Group (%),0.9524,Vote share Industry Will Save Georgia (%),2.8571,Vote share We Ourselves (%),2.8571,Vote share United National Movement (%),55.2381,Vote share CDM (%),34.2857
2008 Adjara Supreme Council - Party List,Precinct,21,83-21,Total Turnout (#),152,Total Turnout (%),10.7725,Vote share United Communist Party (%),1.3158,Vote share Georgian Group (%),0,Vote share Industry Will Save Georgia (%),9.2105,Vote share We Ourselves (%),2.6316,Vote share United National Movement (%),60.5263,Vote share CDM (%),26.3158
2008 Adjara Supreme Council - Party List,Precinct,22,83-22,Total Turnout (#),135,Total Turnout (%),8.6262,Vote share United Communist Party (%),2.963,Vote share Georgian Group (%),0.7407,Vote share Industry Will Save Georgia (%),2.2222,Vote share We Ourselves (%),4.4444,Vote share United National Movement (%),62.963,Vote share CDM (%),26.6667
2008 Adjara Supreme Council - Party List,Precinct,23,83-23,Total Turnout (#),590,Total Turnout (%),45.3149,Vote share United Communist Party (%),0.8475,Vote share Georgian Group (%),0.8475,Vote share Industry Will Save Georgia (%),0.678,Vote share We Ourselves (%),6.2712,Vote share United National Movement (%),78.4746,Vote share CDM (%),12.5424
2008 Adjara Supreme Council - Party List,Precinct,24,83-24,Total Turnout (#),157,Total Turnout (%),11.2143,Vote share United Communist Party (%),3.8217,Vote share Georgian Group (%),0,Vote share Industry Will Save Georgia (%),3.1847,Vote share We Ourselves (%),2.5478,Vote share United National Movement (%),77.707,Vote share CDM (%),12.7389
2008 Adjara Supreme Council - Party List,Precinct,25,83-25,Total Turnout (#),173,Total Turnout (%),12.7299,Vote share United Communist Party (%),5.2023,Vote share Georgian Group (%),0,Vote share Industry Will Save Georgia (%),0.578,Vote share We Ourselves (%),4.6243,Vote share United National Movement (%),50.289,Vote share CDM (%),39.3064
2008 Adjara Supreme Council - Party List,Precinct,26,83-26,Total Turnout (#),155,Total Turnout (%),10.4871,Vote share United Communist Party (%),1.2903,Vote share Georgian Group (%),0,Vote share Industry Will Save Georgia (%),1.2903,Vote share We Ourselves (%),17.4194,Vote share United National Movement (%),59.3548,Vote share CDM (%),20.6452
2008 Adjara Supreme Council - Party List,Precinct,27,83-27,Total Turnout (#),168,Total Turnout (%),12.5093,Vote share United Communist Party (%),2.9762,Vote share Georgian Group (%),0,Vote share Industry Will Save Georgia (%),1.1905,Vote share We Ourselves (%),7.1429,Vote share United National Movement (%),53.5714,Vote share CDM (%),35.119
2008 Adjara Supreme Council - Party List,Precinct,28,83-28,Total Turnout (#),204,Total Turnout (%),13.9059,Vote share United Communist Party (%),3.4314,Vote share Georgian Group (%),0.9804,Vote share Industry Will Save Georgia (%),1.9608,Vote share We Ourselves (%),8.3333,Vote share United National Movement (%),57.3529,Vote share CDM (%),27.9412
2008 Adjara Supreme Council - Party List,Precinct,29,83-29,Total Turnout (#),299,Total Turnout (%),19.4282,Vote share United Communist Party (%),1.3378,Vote share Georgian Group (%),0,Vote share Industry Will Save Georgia (%),2.0067,Vote share We Ourselves (%),5.6856,Vote share United National Movement (%),68.8963,Vote share CDM (%),22.0736
2008 Adjara Supreme Council - Party List,Precinct,30,83-30,Total Turnout (#),228,Total Turnout (%),16.8639,Vote share United Communist Party (%),1.7544,Vote share Georgian Group (%),0,Vote share Industry Will Save Georgia (%),0.8772,Vote share We Ourselves (%),3.9474,Vote share United National Movement (%),58.7719,Vote share CDM (%),34.2105
2008 Adjara Supreme Council - Party List,Precinct,31,83-31,Total Turnout (#),142,Total Turnout (%),19.1633,Vote share United Communist Party (%),7.0423,Vote share Georgian Group (%),0,Vote share Industry Will Save Georgia (%),6.338,Vote share We Ourselves (%),9.8592,Vote share United National Movement (%),62.6761,Vote share CDM (%),14.0845
2008 Adjara Supreme Council - Party List,Precinct,32,83-32,Total Turnout (#),186,Total Turnout (%),14.4522,Vote share United Communist Party (%),2.6882,Vote share Georgian Group (%),0.5376,Vote share Industry Will Save Georgia (%),0.5376,Vote share We Ourselves (%),12.9032,Vote share United National Movement (%),36.0215,Vote share CDM (%),47.3118
2008 Adjara Supreme Council - Party List,Precinct,33,83-33,Total Turnout (#),209,Total Turnout (%),14.8754,Vote share United Communist Party (%),4.3062,Vote share Georgian Group (%),1.4354,Vote share Industry Will Save Georgia (%),2.8708,Vote share We Ourselves (%),17.2249,Vote share United National Movement (%),51.6746,Vote share CDM (%),22.488
2008 Adjara Supreme Council - Party List,Precinct,34,83-34,Total Turnout (#),123,Total Turnout (%),17.2511,Vote share United Communist Party (%),3.252,Vote share Georgian Group (%),0,Vote share Industry Will Save Georgia (%),1.626,Vote share We Ourselves (%),11.3821,Vote share United National Movement (%),51.2195,Vote share CDM (%),32.5203
2008 Adjara Supreme Council - Party List,Precinct,35,83-35,Total Turnout (#),270,Total Turnout (%),23.1561,Vote share United Communist Party (%),8.1481,Vote share Georgian Group (%),0.3704,Vote share Industry Will Save Georgia (%),0.3704,Vote share We Ourselves (%),3.7037,Vote share United National Movement (%),56.2963,Vote share CDM (%),31.1111
2008 Adjara Supreme Council - Party List,Precinct,36,83-36,Total Turnout (#),221,Total Turnout (%),26.0613,Vote share United Communist Party (%),1.3575,Vote share Georgian Group (%),0.905,Vote share Industry Will Save Georgia (%),0.4525,Vote share We Ourselves (%),0.4525,Vote share United National Movement (%),67.8733,Vote share CDM (%),28.9593
2008 Adjara Supreme Council - Party List,Precinct,37,83-37,Total Turnout (#),267,Total Turnout (%),18.1633,Vote share United Communist Party (%),5.618,Vote share Georgian Group (%),0.3745,Vote share Industry Will Save Georgia (%),2.2472,Vote share We Ourselves (%),4.1199,Vote share United National Movement (%),57.6779,Vote share CDM (%),29.9625
2008 Adjara Supreme Council - Party List,Precinct,38,83-38,Total Turnout (#),196,Total Turnout (%),13.1809,Vote share United Communist Party (%),21.4286,Vote share Georgian Group (%),1.0204,Vote share Industry Will Save Georgia (%),7.1429,Vote share We Ourselves (%),2.551,Vote share United National Movement (%),51.5306,Vote share CDM (%),16.3265
2008 Adjara Supreme Council - Party List,Precinct,39,83-39,Total Turnout (#),264,Total Turnout (%),18.3206,Vote share United Communist Party (%),9.8485,Vote share Georgian Group (%),0.3788,Vote share Industry Will Save Georgia (%),0.3788,Vote share We Ourselves (%),7.5758,Vote share United National Movement (%),54.9242,Vote share CDM (%),26.8939
2008 Adjara Supreme Council - Party List,Precinct,40,83-40,Total Turnout (#),296,Total Turnout (%),22.4073,Vote share United Communist Party (%),1.0135,Vote share Georgian Group (%),0,Vote share Industry Will Save Georgia (%),1.0135,Vote share We Ourselves (%),7.0946,Vote share United National Movement (%),65.8784,Vote share CDM (%),25
2008 Adjara Supreme Council - Party List,Precinct,41,83-41,Total Turnout (#),231,Total Turnout (%),30,Vote share United Communist Party (%),2.5974,Vote share Georgian Group (%),0.8658,Vote share Industry Will Save Georgia (%),6.0606,Vote share We Ourselves (%),8.2251,Vote share United National Movement (%),58.4416,Vote share CDM (%),23.8095
2008 Adjara Supreme Council - Party List,Precinct,42,83-42,Total Turnout (#),329,Total Turnout (%),27.2126,Vote share United Communist Party (%),2.4316,Vote share Georgian Group (%),0,Vote share Industry Will Save Georgia (%),2.1277,Vote share We Ourselves (%),0,Vote share United National Movement (%),68.997,Vote share CDM (%),26.4438
2008 Adjara Supreme Council - Party List,Precinct,43,83-43,Total Turnout (#),283,Total Turnout (%),36.5161,Vote share United Communist Party (%),0,Vote share Georgian Group (%),0.3534,Vote share Industry Will Save Georgia (%),0.7067,Vote share We Ourselves (%),3.1802,Vote share United National Movement (%),56.1837,Vote share CDM (%),39.576
2008 Adjara Supreme Council - Party List,Precinct,44,83-44,Total Turnout (#),211,Total Turnout (%),45.0855,Vote share United Communist Party (%),3.3175,Vote share Georgian Group (%),0,Vote share Industry Will Save Georgia (%),0.9479,Vote share We Ourselves (%),3.3175,Vote share United National Movement (%),62.5592,Vote share CDM (%),29.8578
2008 Adjara Supreme Council - Party List,Precinct,45,83-45,Total Turnout (#),120,Total Turnout (%),21.7786,Vote share United Communist Party (%),0.8333,Vote share Georgian Group (%),0,Vote share Industry Will Save Georgia (%),3.3333,Vote share We Ourselves (%),0,Vote share United National Movement (%),52.5,Vote share CDM (%),43.3333
2008 Adjara Supreme Council - Party List,Precinct,46,83-46,Total Turnout (#),115,Total Turnout (%),21.576,Vote share United Communist Party (%),1.7391,Vote share Georgian Group (%),0.8696,Vote share Industry Will Save Georgia (%),0.8696,Vote share We Ourselves (%),6.9565,Vote share United National Movement (%),62.6087,Vote share CDM (%),26.9565
2008 Adjara Supreme Council - Party List,Precinct,47,83-47,Total Turnout (#),135,Total Turnout (%),41.6667,Vote share United Communist Party (%),0,Vote share Georgian Group (%),0,Vote share Industry Will Save Georgia (%),0,Vote share We Ourselves (%),2.963,Vote share United National Movement (%),68.8889,Vote share CDM (%),28.1481
2008 Adjara Supreme Council - Party List,Precinct,48,83-48,Total Turnout (#),84,Total Turnout (%),18.8764,Vote share United Communist Party (%),5.9524,Vote share Georgian Group (%),0,Vote share Industry Will Save Georgia (%),0,Vote share We Ourselves (%),13.0952,Vote share United National Movement (%),55.9524,Vote share CDM (%),25
2008 Adjara Supreme Council - Party List,Precinct,49,83-49,Total Turnout (#),99,Total Turnout (%),31.8328,Vote share United Communist Party (%),5.0505,Vote share Georgian Group (%),0,Vote share Industry Will Save Georgia (%),0,Vote share We Ourselves (%),7.0707,Vote share United National Movement (%),67.6768,Vote share CDM (%),20.202
2008 Adjara Supreme Council - Party List,Precinct,50,83-50,Total Turnout (#),NULL,Total Turnout (%),NULL,Vote share United Communist Party (%),NULL,Vote share Georgian Group (%),NULL,Vote share Industry Will Save Georgia (%),NULL,Vote share We Ourselves (%),NULL,Vote share United National Movement (%),NULL,Vote share CDM (%),NULL
2008 Adjara Supreme Council - Party List,Precinct,51,83-51,Total Turnout (#),132,Total Turnout (%),16.7089,Vote share United Communist Party (%),1.5152,Vote share Georgian Group (%),0,Vote share Industry Will Save Georgia (%),0,Vote share We Ourselves (%),3.0303,Vote share United National Movement (%),56.8182,Vote share CDM (%),38.6364
2008 Adjara Supreme Council - Party List,Precinct,52,83-52,Total Turnout (#),231,Total Turnout (%),21.31,Vote share United Communist Party (%),3.8961,Vote share Georgian Group (%),0,Vote share Industry Will Save Georgia (%),2.1645,Vote share We Ourselves (%),4.7619,Vote share United National Movement (%),59.3074,Vote share CDM (%),29.8701
2008 Adjara Supreme Council - Party List,Precinct,53,83-53,Total Turnout (#),83,Total Turnout (%),12.8483,Vote share United Communist Party (%),1.2048,Vote share Georgian Group (%),0,Vote share Industry Will Save Georgia (%),3.6145,Vote share We Ourselves (%),12.0482,Vote share United National Movement (%),66.2651,Vote share CDM (%),16.8675
2008 Adjara Supreme Council - Party List,Precinct,54,83-54,Total Turnout (#),90,Total Turnout (%),7.4689,Vote share United Communist Party (%),2.2222,Vote share Georgian Group (%),0,Vote share Industry Will Save Georgia (%),0,Vote share We Ourselves (%),2.2222,Vote share United National Movement (%),45.5556,Vote share CDM (%),50
2008 Adjara Supreme Council - Party List,Precinct,55,83-55,Total Turnout (#),143,Total Turnout (%),12.8597,Vote share United Communist Party (%),4.1958,Vote share Georgian Group (%),0,Vote share Industry Will Save Georgia (%),0,Vote share We Ourselves (%),3.4965,Vote share United National Movement (%),66.4336,Vote share CDM (%),25.8741
2008 Adjara Supreme Council - Party List,Precinct,56,83-56,Total Turnout (#),169,Total Turnout (%),14.4816,Vote share United Communist Party (%),2.3669,Vote share Georgian Group (%),1.1834,Vote share Industry Will Save Georgia (%),4.142,Vote share We Ourselves (%),4.142,Vote share United National Movement (%),65.6805,Vote share CDM (%),22.4852
2008 Adjara Supreme Council - Party List,Precinct,57,83-57,Total Turnout (#),156,Total Turnout (%),15.7576,Vote share United Communist Party (%),3.2051,Vote share Georgian Group (%),0.641,Vote share Industry Will Save Georgia (%),1.2821,Vote share We Ourselves (%),8.3333,Vote share United National Movement (%),53.2051,Vote share CDM (%),33.3333
2008 Adjara Supreme Council - Party List,Precinct,58,83-58,Total Turnout (#),86,Total Turnout (%),14.6758,Vote share United Communist Party (%),3.4884,Vote share Georgian Group (%),0,Vote share Industry Will Save Georgia (%),0,Vote share We Ourselves (%),0,Vote share United National Movement (%),58.1395,Vote share CDM (%),38.3721
2008 Adjara Supreme Council - Party List,Precinct,59,83-59,Total Turnout (#),229,Total Turnout (%),14.8412,Vote share United Communist Party (%),4.3668,Vote share Georgian Group (%),1.7467,Vote share Industry Will Save Georgia (%),3.9301,Vote share We Ourselves (%),6.1135,Vote share United National Movement (%),51.0917,Vote share CDM (%),32.7511
2008 Adjara Supreme Council - Party List,Precinct,60,83-60,Total Turnout (#),95,Total Turnout (%),6.5113,Vote share United Communist Party (%),5.2632,Vote share Georgian Group (%),3.1579,Vote share Industry Will Save Georgia (%),1.0526,Vote share We Ourselves (%),11.5789,Vote share United National Movement (%),53.6842,Vote share CDM (%),25.2632
2008 Adjara Supreme Council - Party List,Precinct,61,83-61,Total Turnout (#),92,Total Turnout (%),7.9861,Vote share United Communist Party (%),2.1739,Vote share Georgian Group (%),1.087,Vote share Industry Will Save Georgia (%),0,Vote share We Ourselves (%),27.1739,Vote share United National Movement (%),57.6087,Vote share CDM (%),11.9565
2008 Adjara Supreme Council - Party List,Precinct,62,83-62,Total Turnout (#),76,Total Turnout (%),12.4795,Vote share United Communist Party (%),3.9474,Vote share Georgian Group (%),1.3158,Vote share Industry Will Save Georgia (%),1.3158,Vote share We Ourselves (%),1.3158,Vote share United National Movement (%),80.2632,Vote share CDM (%),11.8421
2008 Adjara Supreme Council - Party List,Precinct,63,83-63,Total Turnout (#),135,Total Turnout (%),17.2855,Vote share United Communist Party (%),6.6667,Vote share Georgian Group (%),1.4815,Vote share Industry Will Save Georgia (%),0.7407,Vote share We Ourselves (%),1.4815,Vote share United National Movement (%),62.963,Vote share CDM (%),26.6667
2008 Adjara Supreme Council - Party List,Precinct,64,83-64,Total Turnout (#),234,Total Turnout (%),23.4,Vote share United Communist Party (%),14.5299,Vote share Georgian Group (%),0,Vote share Industry Will Save Georgia (%),1.2821,Vote share We Ourselves (%),1.2821,Vote share United National Movement (%),62.8205,Vote share CDM (%),19.6581
2008 Adjara Supreme Council - Party List,Precinct,65,83-65,Total Turnout (#),NULL,Total Turnout (%),NULL,Vote share United Communist Party (%),NULL,Vote share Georgian Group (%),NULL,Vote share Industry Will Save Georgia (%),NULL,Vote share We Ourselves (%),NULL,Vote share United National Movement (%),NULL,Vote share CDM (%),NULL
2008 Adjara Supreme Council - Party List,Precinct,66,83-66,Total Turnout (#),NULL,Total Turnout (%),NULL,Vote share United Communist Party (%),NULL,Vote share Georgian Group (%),NULL,Vote share Industry Will Save Georgia (%),NULL,Vote share We Ourselves (%),NULL,Vote share United National Movement (%),NULL,Vote share CDM (%),NULL
