election,shape type,id,name,Indicator,total valid ballots cast,Indicator,total valid ballots cast,,United Communist Party vote share,,Georgian Group vote share,,Christian-Democratic Movement vote share
2008 Adjara Supreme Council - Majoritarian Re-Run,District,83,Khelvachauri,Total Turnout (#),6153,Total Turnout (%),8.5413,Vote share United Communist Party (%),16.9511,Vote share Georgian Group (%),19.1776,Vote share CDM (%),63.7413
2008 Adjara Supreme Council - Majoritarian Re-Run,Region,Adjara,Adjara,Total Turnout (#),6153,Total Turnout (%),8.5413,Vote share United Communist Party (%),16.9511,Vote share Georgian Group (%),19.1776,Vote share CDM (%),63.7413
2008 Adjara Supreme Council - Majoritarian Re-Run,Precinct,1,83-1,Total Turnout (#),39,Total Turnout (%),4.5035,Vote share United Communist Party (%),17.9487,Vote share Georgian Group (%),30.7692,Vote share CDM (%),51.2821
2008 Adjara Supreme Council - Majoritarian Re-Run,Precinct,2,83-2,Total Turnout (#),1133,Total Turnout (%),97.3368,Vote share United Communist Party (%),29.391,Vote share Georgian Group (%),10.5031,Vote share CDM (%),60.1059
2008 Adjara Supreme Council - Majoritarian Re-Run,Precinct,3,83-3,Total Turnout (#),52,Total Turnout (%),3.5088,Vote share United Communist Party (%),9.6154,Vote share Georgian Group (%),61.5385,Vote share CDM (%),28.8462
2008 Adjara Supreme Council - Majoritarian Re-Run,Precinct,4,83-4,Total Turnout (#),39,Total Turnout (%),4.2484,Vote share United Communist Party (%),5.1282,Vote share Georgian Group (%),28.2051,Vote share CDM (%),66.6667
2008 Adjara Supreme Council - Majoritarian Re-Run,Precinct,5,83-5,Total Turnout (#),44,Total Turnout (%),4.116,Vote share United Communist Party (%),4.5455,Vote share Georgian Group (%),22.7273,Vote share CDM (%),72.7273
2008 Adjara Supreme Council - Majoritarian Re-Run,Precinct,6,83-6,Total Turnout (#),57,Total Turnout (%),4.7619,Vote share United Communist Party (%),12.2807,Vote share Georgian Group (%),7.0175,Vote share CDM (%),80.7018
2008 Adjara Supreme Council - Majoritarian Re-Run,Precinct,7,83-7,Total Turnout (#),48,Total Turnout (%),3.7915,Vote share United Communist Party (%),25,Vote share Georgian Group (%),18.75,Vote share CDM (%),56.25
2008 Adjara Supreme Council - Majoritarian Re-Run,Precinct,8,83-8,Total Turnout (#),81,Total Turnout (%),6.4388,Vote share United Communist Party (%),24.6914,Vote share Georgian Group (%),48.1481,Vote share CDM (%),27.1605
2008 Adjara Supreme Council - Majoritarian Re-Run,Precinct,9,83-9,Total Turnout (#),148,Total Turnout (%),12.1911,Vote share United Communist Party (%),10.8108,Vote share Georgian Group (%),15.5405,Vote share CDM (%),73.6486
2008 Adjara Supreme Council - Majoritarian Re-Run,Precinct,10,83-10,Total Turnout (#),47,Total Turnout (%),4.4762,Vote share United Communist Party (%),48.9362,Vote share Georgian Group (%),6.383,Vote share CDM (%),44.6809
2008 Adjara Supreme Council - Majoritarian Re-Run,Precinct,11,83-11,Total Turnout (#),114,Total Turnout (%),10.5751,Vote share United Communist Party (%),5.2632,Vote share Georgian Group (%),41.2281,Vote share CDM (%),48.2456
2008 Adjara Supreme Council - Majoritarian Re-Run,Precinct,12,83-12,Total Turnout (#),67,Total Turnout (%),4.6495,Vote share United Communist Party (%),4.4776,Vote share Georgian Group (%),10.4478,Vote share CDM (%),85.0746
2008 Adjara Supreme Council - Majoritarian Re-Run,Precinct,13,83-13,Total Turnout (#),130,Total Turnout (%),9.4203,Vote share United Communist Party (%),1.5385,Vote share Georgian Group (%),67.6923,Vote share CDM (%),30.7692
2008 Adjara Supreme Council - Majoritarian Re-Run,Precinct,14,83-14,Total Turnout (#),50,Total Turnout (%),3.6684,Vote share United Communist Party (%),34,Vote share Georgian Group (%),2,Vote share CDM (%),64
2008 Adjara Supreme Council - Majoritarian Re-Run,Precinct,15,83-15,Total Turnout (#),35,Total Turnout (%),2.583,Vote share United Communist Party (%),11.4286,Vote share Georgian Group (%),2.8571,Vote share CDM (%),85.7143
2008 Adjara Supreme Council - Majoritarian Re-Run,Precinct,16,83-16,Total Turnout (#),54,Total Turnout (%),3.5644,Vote share United Communist Party (%),3.7037,Vote share Georgian Group (%),62.963,Vote share CDM (%),33.3333
2008 Adjara Supreme Council - Majoritarian Re-Run,Precinct,17,83-17,Total Turnout (#),141,Total Turnout (%),13.5969,Vote share United Communist Party (%),20.5674,Vote share Georgian Group (%),17.0213,Vote share CDM (%),62.4113
2008 Adjara Supreme Council - Majoritarian Re-Run,Precinct,18,83-18,Total Turnout (#),55,Total Turnout (%),4.3341,Vote share United Communist Party (%),7.2727,Vote share Georgian Group (%),58.1818,Vote share CDM (%),34.5455
2008 Adjara Supreme Council - Majoritarian Re-Run,Precinct,19,83-19,Total Turnout (#),62,Total Turnout (%),4.3972,Vote share United Communist Party (%),8.0645,Vote share Georgian Group (%),6.4516,Vote share CDM (%),85.4839
2008 Adjara Supreme Council - Majoritarian Re-Run,Precinct,20,83-20,Total Turnout (#),25,Total Turnout (%),3.4626,Vote share United Communist Party (%),8,Vote share Georgian Group (%),4,Vote share CDM (%),88
2008 Adjara Supreme Council - Majoritarian Re-Run,Precinct,21,83-21,Total Turnout (#),53,Total Turnout (%),3.7377,Vote share United Communist Party (%),30.1887,Vote share Georgian Group (%),0,Vote share CDM (%),69.8113
2008 Adjara Supreme Council - Majoritarian Re-Run,Precinct,22,83-22,Total Turnout (#),42,Total Turnout (%),2.6633,Vote share United Communist Party (%),14.2857,Vote share Georgian Group (%),57.1429,Vote share CDM (%),26.1905
2008 Adjara Supreme Council - Majoritarian Re-Run,Precinct,23,83-23,Total Turnout (#),505,Total Turnout (%),38.6677,Vote share United Communist Party (%),18.8119,Vote share Georgian Group (%),17.6238,Vote share CDM (%),63.3663
2008 Adjara Supreme Council - Majoritarian Re-Run,Precinct,24,83-24,Total Turnout (#),78,Total Turnout (%),5.5714,Vote share United Communist Party (%),21.7949,Vote share Georgian Group (%),24.359,Vote share CDM (%),53.8462
2008 Adjara Supreme Council - Majoritarian Re-Run,Precinct,25,83-25,Total Turnout (#),32,Total Turnout (%),2.3426,Vote share United Communist Party (%),15.625,Vote share Georgian Group (%),9.375,Vote share CDM (%),75
2008 Adjara Supreme Council - Majoritarian Re-Run,Precinct,26,83-26,Total Turnout (#),53,Total Turnout (%),3.5835,Vote share United Communist Party (%),1.8868,Vote share Georgian Group (%),94.3396,Vote share CDM (%),3.7736
2008 Adjara Supreme Council - Majoritarian Re-Run,Precinct,27,83-27,Total Turnout (#),41,Total Turnout (%),3.0483,Vote share United Communist Party (%),14.6341,Vote share Georgian Group (%),19.5122,Vote share CDM (%),65.8537
2008 Adjara Supreme Council - Majoritarian Re-Run,Precinct,28,83-28,Total Turnout (#),37,Total Turnout (%),2.517,Vote share United Communist Party (%),18.9189,Vote share Georgian Group (%),8.1081,Vote share CDM (%),72.973
2008 Adjara Supreme Council - Majoritarian Re-Run,Precinct,29,83-29,Total Turnout (#),43,Total Turnout (%),2.785,Vote share United Communist Party (%),2.3256,Vote share Georgian Group (%),11.6279,Vote share CDM (%),86.0465
2008 Adjara Supreme Council - Majoritarian Re-Run,Precinct,30,83-30,Total Turnout (#),111,Total Turnout (%),8.1858,Vote share United Communist Party (%),16.2162,Vote share Georgian Group (%),13.5135,Vote share CDM (%),70.2703
2008 Adjara Supreme Council - Majoritarian Re-Run,Precinct,31,83-31,Total Turnout (#),32,Total Turnout (%),4.3127,Vote share United Communist Party (%),21.875,Vote share Georgian Group (%),46.875,Vote share CDM (%),31.25
2008 Adjara Supreme Council - Majoritarian Re-Run,Precinct,32,83-32,Total Turnout (#),44,Total Turnout (%),3.4003,Vote share United Communist Party (%),31.8182,Vote share Georgian Group (%),9.0909,Vote share CDM (%),59.0909
2008 Adjara Supreme Council - Majoritarian Re-Run,Precinct,33,83-33,Total Turnout (#),98,Total Turnout (%),6.9751,Vote share United Communist Party (%),9.1837,Vote share Georgian Group (%),56.1224,Vote share CDM (%),34.6939
2008 Adjara Supreme Council - Majoritarian Re-Run,Precinct,34,83-34,Total Turnout (#),61,Total Turnout (%),8.5554,Vote share United Communist Party (%),11.4754,Vote share Georgian Group (%),13.1148,Vote share CDM (%),75.4098
2008 Adjara Supreme Council - Majoritarian Re-Run,Precinct,35,83-35,Total Turnout (#),121,Total Turnout (%),10.3507,Vote share United Communist Party (%),17.3554,Vote share Georgian Group (%),11.5702,Vote share CDM (%),71.0744
2008 Adjara Supreme Council - Majoritarian Re-Run,Precinct,36,83-36,Total Turnout (#),80,Total Turnout (%),9.4118,Vote share United Communist Party (%),7.5,Vote share Georgian Group (%),12.5,Vote share CDM (%),80
2008 Adjara Supreme Council - Majoritarian Re-Run,Precinct,37,83-37,Total Turnout (#),72,Total Turnout (%),4.8682,Vote share United Communist Party (%),15.2778,Vote share Georgian Group (%),16.6667,Vote share CDM (%),68.0556
2008 Adjara Supreme Council - Majoritarian Re-Run,Precinct,38,83-38,Total Turnout (#),56,Total Turnout (%),3.766,Vote share United Communist Party (%),35.7143,Vote share Georgian Group (%),23.2143,Vote share CDM (%),41.0714
2008 Adjara Supreme Council - Majoritarian Re-Run,Precinct,39,83-39,Total Turnout (#),130,Total Turnout (%),9.009,Vote share United Communist Party (%),43.8462,Vote share Georgian Group (%),47.6923,Vote share CDM (%),8.4615
2008 Adjara Supreme Council - Majoritarian Re-Run,Precinct,40,83-40,Total Turnout (#),114,Total Turnout (%),8.6298,Vote share United Communist Party (%),7.8947,Vote share Georgian Group (%),25.4386,Vote share CDM (%),66.6667
2008 Adjara Supreme Council - Majoritarian Re-Run,Precinct,41,83-41,Total Turnout (#),82,Total Turnout (%),10.6355,Vote share United Communist Party (%),10.9756,Vote share Georgian Group (%),18.2927,Vote share CDM (%),70.7317
2008 Adjara Supreme Council - Majoritarian Re-Run,Precinct,42,83-42,Total Turnout (#),173,Total Turnout (%),14.2622,Vote share United Communist Party (%),8.6705,Vote share Georgian Group (%),0,Vote share CDM (%),91.3295
2008 Adjara Supreme Council - Majoritarian Re-Run,Precinct,43,83-43,Total Turnout (#),171,Total Turnout (%),22.0361,Vote share United Communist Party (%),4.6784,Vote share Georgian Group (%),1.7544,Vote share CDM (%),93.5673
2008 Adjara Supreme Council - Majoritarian Re-Run,Precinct,44,83-44,Total Turnout (#),104,Total Turnout (%),22.2222,Vote share United Communist Party (%),15.3846,Vote share Georgian Group (%),5.7692,Vote share CDM (%),78.8462
2008 Adjara Supreme Council - Majoritarian Re-Run,Precinct,45,83-45,Total Turnout (#),201,Total Turnout (%),36.4791,Vote share United Communist Party (%),0,Vote share Georgian Group (%),0,Vote share CDM (%),100
2008 Adjara Supreme Council - Majoritarian Re-Run,Precinct,46,83-46,Total Turnout (#),39,Total Turnout (%),7.2897,Vote share United Communist Party (%),0,Vote share Georgian Group (%),15.3846,Vote share CDM (%),84.6154
2008 Adjara Supreme Council - Majoritarian Re-Run,Precinct,47,83-47,Total Turnout (#),60,Total Turnout (%),18.4615,Vote share United Communist Party (%),3.3333,Vote share Georgian Group (%),31.6667,Vote share CDM (%),65
2008 Adjara Supreme Council - Majoritarian Re-Run,Precinct,48,83-48,Total Turnout (#),213,Total Turnout (%),47.7578,Vote share United Communist Party (%),5.6338,Vote share Georgian Group (%),11.7371,Vote share CDM (%),82.6291
2008 Adjara Supreme Council - Majoritarian Re-Run,Precinct,49,83-49,Total Turnout (#),56,Total Turnout (%),17.8914,Vote share United Communist Party (%),3.5714,Vote share Georgian Group (%),3.5714,Vote share CDM (%),92.8571
2008 Adjara Supreme Council - Majoritarian Re-Run,Precinct,50,83-50,Total Turnout (#),NULL,Total Turnout (%),NULL,Vote share United Communist Party (%),NULL,Vote share Georgian Group (%),NULL,Vote share CDM (%),NULL
2008 Adjara Supreme Council - Majoritarian Re-Run,Precinct,51,83-51,Total Turnout (#),35,Total Turnout (%),4.4304,Vote share United Communist Party (%),11.4286,Vote share Georgian Group (%),11.4286,Vote share CDM (%),77.1429
2008 Adjara Supreme Council - Majoritarian Re-Run,Precinct,52,83-52,Total Turnout (#),49,Total Turnout (%),4.5203,Vote share United Communist Party (%),34.6939,Vote share Georgian Group (%),8.1633,Vote share CDM (%),57.1429
2008 Adjara Supreme Council - Majoritarian Re-Run,Precinct,53,83-53,Total Turnout (#),70,Total Turnout (%),10.8359,Vote share United Communist Party (%),5.7143,Vote share Georgian Group (%),71.4286,Vote share CDM (%),22.8571
2008 Adjara Supreme Council - Majoritarian Re-Run,Precinct,54,83-54,Total Turnout (#),59,Total Turnout (%),4.8882,Vote share United Communist Party (%),1.6949,Vote share Georgian Group (%),8.4746,Vote share CDM (%),89.8305
2008 Adjara Supreme Council - Majoritarian Re-Run,Precinct,55,83-55,Total Turnout (#),35,Total Turnout (%),3.1475,Vote share United Communist Party (%),31.4286,Vote share Georgian Group (%),22.8571,Vote share CDM (%),45.7143
2008 Adjara Supreme Council - Majoritarian Re-Run,Precinct,56,83-56,Total Turnout (#),35,Total Turnout (%),2.9991,Vote share United Communist Party (%),8.5714,Vote share Georgian Group (%),45.7143,Vote share CDM (%),45.7143
2008 Adjara Supreme Council - Majoritarian Re-Run,Precinct,57,83-57,Total Turnout (#),38,Total Turnout (%),3.8345,Vote share United Communist Party (%),21.0526,Vote share Georgian Group (%),5.2632,Vote share CDM (%),73.6842
2008 Adjara Supreme Council - Majoritarian Re-Run,Precinct,58,83-58,Total Turnout (#),51,Total Turnout (%),8.7031,Vote share United Communist Party (%),9.8039,Vote share Georgian Group (%),5.8824,Vote share CDM (%),84.3137
2008 Adjara Supreme Council - Majoritarian Re-Run,Precinct,59,83-59,Total Turnout (#),88,Total Turnout (%),5.6921,Vote share United Communist Party (%),5.6818,Vote share Georgian Group (%),35.2273,Vote share CDM (%),59.0909
2008 Adjara Supreme Council - Majoritarian Re-Run,Precinct,60,83-60,Total Turnout (#),33,Total Turnout (%),2.2618,Vote share United Communist Party (%),9.0909,Vote share Georgian Group (%),21.2121,Vote share CDM (%),69.697
2008 Adjara Supreme Council - Majoritarian Re-Run,Precinct,61,83-61,Total Turnout (#),111,Total Turnout (%),9.6354,Vote share United Communist Party (%),23.4234,Vote share Georgian Group (%),16.2162,Vote share CDM (%),60.3604
2008 Adjara Supreme Council - Majoritarian Re-Run,Precinct,62,83-62,Total Turnout (#),54,Total Turnout (%),8.867,Vote share United Communist Party (%),20.3704,Vote share Georgian Group (%),18.5185,Vote share CDM (%),61.1111
2008 Adjara Supreme Council - Majoritarian Re-Run,Precinct,63,83-63,Total Turnout (#),52,Total Turnout (%),6.6581,Vote share United Communist Party (%),23.0769,Vote share Georgian Group (%),5.7692,Vote share CDM (%),71.1538
2008 Adjara Supreme Council - Majoritarian Re-Run,Precinct,64,83-64,Total Turnout (#),120,Total Turnout (%),12,Vote share United Communist Party (%),29.1667,Vote share Georgian Group (%),3.3333,Vote share CDM (%),67.5
2008 Adjara Supreme Council - Majoritarian Re-Run,Precinct,65,83-65,Total Turnout (#),NULL,Total Turnout (%),NULL,Vote share United Communist Party (%),NULL,Vote share Georgian Group (%),NULL,Vote share CDM (%),NULL
2008 Adjara Supreme Council - Majoritarian Re-Run,Precinct,66,83-66,Total Turnout (#),NULL,Total Turnout (%),NULL,Vote share United Communist Party (%),NULL,Vote share Georgian Group (%),NULL,Vote share CDM (%),NULL
