election,shape type,district_id,district_Name,Indicator,total valid ballots cast,Indicator,total valid ballots cast %,,United Communist Party vote share,,Georgian Group vote share,,Industry Save Georgia vote share,,We Ourselves vote share,,United National Movement vote share,,Christian-Democratic Movement vote share
2008 Adjara Supreme Council - Majoritarian,District,79,Batumi,Total Turnout (#),30907,Total Turnout (%),31.0028,Vote share United Communist Party (%),2.7631,Vote share Georgian Group (%),2.7146,Vote share Industry Will Save Georgia (%),2.4137,Vote share We Ourselves (%),2.5561,Vote share United National Movement (%),71.8478,Vote share CDM (%),17.6788
2008 Adjara Supreme Council - Majoritarian,District,80,Keda,Total Turnout (#),10205,Total Turnout (%),66.5471,Vote share United Communist Party (%),NULL,Vote share Georgian Group (%),1.4013,Vote share Industry Will Save Georgia (%),3.4297,Vote share We Ourselves (%),NULL,Vote share United National Movement (%),80.4508,Vote share CDM (%),14.7183
2008 Adjara Supreme Council - Majoritarian,District,84,Khulo,Total Turnout (#),15883,Total Turnout (%),66.6094,Vote share United Communist Party (%),1.1333,Vote share Georgian Group (%),2.4114,Vote share Industry Will Save Georgia (%),1.3599,Vote share We Ourselves (%),NULL,Vote share United National Movement (%),84.2158,Vote share CDM (%),10.8796
2008 Adjara Supreme Council - Majoritarian,District,81,Kobuleti,Total Turnout (#),28429,Total Turnout (%),42.3303,Vote share United Communist Party (%),1.3085,Vote share Georgian Group (%),1.604,Vote share Industry Will Save Georgia (%),0.707,Vote share We Ourselves (%),4.1155,Vote share United National Movement (%),78.3988,Vote share CDM (%),13.6375
2008 Adjara Supreme Council - Majoritarian,District,82,Shuakhevi,Total Turnout (#),9310,Total Turnout (%),61.3469,Vote share United Communist Party (%),0.4404,Vote share Georgian Group (%),NULL,Vote share Industry Will Save Georgia (%),2.0945,Vote share We Ourselves (%),NULL,Vote share United National Movement (%),89.3233,Vote share CDM (%),8.0773
2008 Adjara Supreme Council - Majoritarian,Region,Adjara,Adjara,Total Turnout (#),94734,Total Turnout (%),42.826,Vote share United Communist Party (%),1.5274,Vote share Georgian Group (%),1.9222,Vote share Industry Will Save Georgia (%),1.8029,Vote share We Ourselves (%),2.069,Vote share United National Movement (%),78.5315,Vote share CDM (%),14.0636
2008 Adjara Supreme Council - Majoritarian,Precinct,1,84-1,Total Turnout (#),366,Total Turnout (%),45.5791,Vote share United Communist Party (%),0.2732,Vote share Georgian Group (%),9.0164,Vote share Industry Will Save Georgia (%),1.6393,Vote share We Ourselves (%),NULL,Vote share United National Movement (%),74.8634,Vote share CDM (%),14.2077
2008 Adjara Supreme Council - Majoritarian,Precinct,2,84-2,Total Turnout (#),386,Total Turnout (%),68.5613,Vote share United Communist Party (%),0,Vote share Georgian Group (%),2.0725,Vote share Industry Will Save Georgia (%),1.5544,Vote share We Ourselves (%),NULL,Vote share United National Movement (%),88.8601,Vote share CDM (%),7.513
2008 Adjara Supreme Council - Majoritarian,Precinct,3,84-3,Total Turnout (#),177,Total Turnout (%),48.7603,Vote share United Communist Party (%),53.6723,Vote share Georgian Group (%),1.1299,Vote share Industry Will Save Georgia (%),0.565,Vote share We Ourselves (%),NULL,Vote share United National Movement (%),38.4181,Vote share CDM (%),6.2147
2008 Adjara Supreme Council - Majoritarian,Precinct,4,84-4,Total Turnout (#),465,Total Turnout (%),53.1429,Vote share United Communist Party (%),4.5161,Vote share Georgian Group (%),1.5054,Vote share Industry Will Save Georgia (%),3.4409,Vote share We Ourselves (%),NULL,Vote share United National Movement (%),82.7957,Vote share CDM (%),7.7419
2008 Adjara Supreme Council - Majoritarian,Precinct,5,84-5,Total Turnout (#),359,Total Turnout (%),63.0931,Vote share United Communist Party (%),1.6713,Vote share Georgian Group (%),3.0641,Vote share Industry Will Save Georgia (%),0,Vote share We Ourselves (%),NULL,Vote share United National Movement (%),88.5794,Vote share CDM (%),6.6852
2008 Adjara Supreme Council - Majoritarian,Precinct,6,84-6,Total Turnout (#),228,Total Turnout (%),58.0153,Vote share United Communist Party (%),3.0702,Vote share Georgian Group (%),1.7544,Vote share Industry Will Save Georgia (%),0,Vote share We Ourselves (%),NULL,Vote share United National Movement (%),89.4737,Vote share CDM (%),5.7018
2008 Adjara Supreme Council - Majoritarian,Precinct,7,84-7,Total Turnout (#),343,Total Turnout (%),54.2722,Vote share United Communist Party (%),1.4577,Vote share Georgian Group (%),6.9971,Vote share Industry Will Save Georgia (%),0,Vote share We Ourselves (%),NULL,Vote share United National Movement (%),69.3878,Vote share CDM (%),22.1574
2008 Adjara Supreme Council - Majoritarian,Precinct,8,84-8,Total Turnout (#),306,Total Turnout (%),72.3404,Vote share United Communist Party (%),0,Vote share Georgian Group (%),5.2288,Vote share Industry Will Save Georgia (%),0,Vote share We Ourselves (%),NULL,Vote share United National Movement (%),92.1569,Vote share CDM (%),2.6144
2008 Adjara Supreme Council - Majoritarian,Precinct,9,84-9,Total Turnout (#),332,Total Turnout (%),47.8386,Vote share United Communist Party (%),1.8072,Vote share Georgian Group (%),5.4217,Vote share Industry Will Save Georgia (%),3.012,Vote share We Ourselves (%),NULL,Vote share United National Movement (%),76.506,Vote share CDM (%),13.253
2008 Adjara Supreme Council - Majoritarian,Precinct,10,84-10,Total Turnout (#),307,Total Turnout (%),71.5618,Vote share United Communist Party (%),0.3257,Vote share Georgian Group (%),21.1726,Vote share Industry Will Save Georgia (%),1.3029,Vote share We Ourselves (%),NULL,Vote share United National Movement (%),72.9642,Vote share CDM (%),4.2345
2008 Adjara Supreme Council - Majoritarian,Precinct,11,84-11,Total Turnout (#),321,Total Turnout (%),50.2347,Vote share United Communist Party (%),0,Vote share Georgian Group (%),6.2305,Vote share Industry Will Save Georgia (%),0.9346,Vote share We Ourselves (%),NULL,Vote share United National Movement (%),83.4891,Vote share CDM (%),9.3458
2008 Adjara Supreme Council - Majoritarian,Precinct,12,84-12,Total Turnout (#),644,Total Turnout (%),61.745,Vote share United Communist Party (%),0.7764,Vote share Georgian Group (%),7.764,Vote share Industry Will Save Georgia (%),0.4658,Vote share We Ourselves (%),NULL,Vote share United National Movement (%),83.0745,Vote share CDM (%),7.9193
2008 Adjara Supreme Council - Majoritarian,Precinct,13,84-13,Total Turnout (#),516,Total Turnout (%),62.3188,Vote share United Communist Party (%),0,Vote share Georgian Group (%),0,Vote share Industry Will Save Georgia (%),0,Vote share We Ourselves (%),NULL,Vote share United National Movement (%),85.6589,Vote share CDM (%),14.3411
2008 Adjara Supreme Council - Majoritarian,Precinct,14,84-14,Total Turnout (#),401,Total Turnout (%),75.947,Vote share United Communist Party (%),0,Vote share Georgian Group (%),0.7481,Vote share Industry Will Save Georgia (%),0.4988,Vote share We Ourselves (%),NULL,Vote share United National Movement (%),96.2594,Vote share CDM (%),2.4938
2008 Adjara Supreme Council - Majoritarian,Precinct,15,84-15,Total Turnout (#),268,Total Turnout (%),88.7417,Vote share United Communist Party (%),0,Vote share Georgian Group (%),0,Vote share Industry Will Save Georgia (%),0,Vote share We Ourselves (%),NULL,Vote share United National Movement (%),93.6567,Vote share CDM (%),6.3433
2008 Adjara Supreme Council - Majoritarian,Precinct,16,84-16,Total Turnout (#),349,Total Turnout (%),98.3099,Vote share United Communist Party (%),0.2865,Vote share Georgian Group (%),0,Vote share Industry Will Save Georgia (%),0,Vote share We Ourselves (%),NULL,Vote share United National Movement (%),99.1404,Vote share CDM (%),0.5731
2008 Adjara Supreme Council - Majoritarian,Precinct,17,84-17,Total Turnout (#),501,Total Turnout (%),78.6499,Vote share United Communist Party (%),0,Vote share Georgian Group (%),2.1956,Vote share Industry Will Save Georgia (%),0.5988,Vote share We Ourselves (%),NULL,Vote share United National Movement (%),89.4212,Vote share CDM (%),7.7844
2008 Adjara Supreme Council - Majoritarian,Precinct,18,84-18,Total Turnout (#),504,Total Turnout (%),44.9599,Vote share United Communist Party (%),1.1905,Vote share Georgian Group (%),2.7778,Vote share Industry Will Save Georgia (%),0.9921,Vote share We Ourselves (%),NULL,Vote share United National Movement (%),73.6111,Vote share CDM (%),21.4286
2008 Adjara Supreme Council - Majoritarian,Precinct,19,84-19,Total Turnout (#),433,Total Turnout (%),56.5274,Vote share United Communist Party (%),0.6928,Vote share Georgian Group (%),2.5404,Vote share Industry Will Save Georgia (%),0.6928,Vote share We Ourselves (%),NULL,Vote share United National Movement (%),76.9053,Vote share CDM (%),19.1686
2008 Adjara Supreme Council - Majoritarian,Precinct,20,84-20,Total Turnout (#),155,Total Turnout (%),67.6856,Vote share United Communist Party (%),0,Vote share Georgian Group (%),1.9355,Vote share Industry Will Save Georgia (%),0,Vote share We Ourselves (%),NULL,Vote share United National Movement (%),89.6774,Vote share CDM (%),8.3871
2008 Adjara Supreme Council - Majoritarian,Precinct,21,84-21,Total Turnout (#),187,Total Turnout (%),68.4982,Vote share United Communist Party (%),0,Vote share Georgian Group (%),11.2299,Vote share Industry Will Save Georgia (%),1.0695,Vote share We Ourselves (%),NULL,Vote share United National Movement (%),82.8877,Vote share CDM (%),4.8128
2008 Adjara Supreme Council - Majoritarian,Precinct,22,84-22,Total Turnout (#),196,Total Turnout (%),77.4704,Vote share United Communist Party (%),0,Vote share Georgian Group (%),0,Vote share Industry Will Save Georgia (%),0,Vote share We Ourselves (%),NULL,Vote share United National Movement (%),89.7959,Vote share CDM (%),10.2041
2008 Adjara Supreme Council - Majoritarian,Precinct,23,84-23,Total Turnout (#),586,Total Turnout (%),75.2246,Vote share United Communist Party (%),0,Vote share Georgian Group (%),0,Vote share Industry Will Save Georgia (%),0.6826,Vote share We Ourselves (%),NULL,Vote share United National Movement (%),89.9317,Vote share CDM (%),9.3857
2008 Adjara Supreme Council - Majoritarian,Precinct,24,84-24,Total Turnout (#),306,Total Turnout (%),56.1468,Vote share United Communist Party (%),0.3268,Vote share Georgian Group (%),0.6536,Vote share Industry Will Save Georgia (%),0.3268,Vote share We Ourselves (%),NULL,Vote share United National Movement (%),90.8497,Vote share CDM (%),7.8431
2008 Adjara Supreme Council - Majoritarian,Precinct,25,84-25,Total Turnout (#),296,Total Turnout (%),69.9764,Vote share United Communist Party (%),0,Vote share Georgian Group (%),1.6892,Vote share Industry Will Save Georgia (%),0,Vote share We Ourselves (%),NULL,Vote share United National Movement (%),87.1622,Vote share CDM (%),11.1486
2008 Adjara Supreme Council - Majoritarian,Precinct,26,84-26,Total Turnout (#),349,Total Turnout (%),77.0419,Vote share United Communist Party (%),0.5731,Vote share Georgian Group (%),0,Vote share Industry Will Save Georgia (%),0,Vote share We Ourselves (%),NULL,Vote share United National Movement (%),90.8309,Vote share CDM (%),8.596
2008 Adjara Supreme Council - Majoritarian,Precinct,27,84-27,Total Turnout (#),325,Total Turnout (%),74.2009,Vote share United Communist Party (%),0.6154,Vote share Georgian Group (%),2.4615,Vote share Industry Will Save Georgia (%),2.1538,Vote share We Ourselves (%),NULL,Vote share United National Movement (%),80.3077,Vote share CDM (%),14.4615
2008 Adjara Supreme Council - Majoritarian,Precinct,28,84-28,Total Turnout (#),279,Total Turnout (%),79.7143,Vote share United Communist Party (%),0,Vote share Georgian Group (%),0.7168,Vote share Industry Will Save Georgia (%),1.4337,Vote share We Ourselves (%),NULL,Vote share United National Movement (%),91.7563,Vote share CDM (%),6.0932
2008 Adjara Supreme Council - Majoritarian,Precinct,29,84-29,Total Turnout (#),293,Total Turnout (%),51.8584,Vote share United Communist Party (%),0.6826,Vote share Georgian Group (%),1.0239,Vote share Industry Will Save Georgia (%),1.7065,Vote share We Ourselves (%),NULL,Vote share United National Movement (%),79.1809,Vote share CDM (%),17.4061
2008 Adjara Supreme Council - Majoritarian,Precinct,30,84-30,Total Turnout (#),162,Total Turnout (%),85.7143,Vote share United Communist Party (%),0.6173,Vote share Georgian Group (%),0.6173,Vote share Industry Will Save Georgia (%),0.6173,Vote share We Ourselves (%),NULL,Vote share United National Movement (%),84.5679,Vote share CDM (%),13.5802
2008 Adjara Supreme Council - Majoritarian,Precinct,31,84-31,Total Turnout (#),284,Total Turnout (%),56.8,Vote share United Communist Party (%),0.3521,Vote share Georgian Group (%),1.0563,Vote share Industry Will Save Georgia (%),0.7042,Vote share We Ourselves (%),NULL,Vote share United National Movement (%),89.4366,Vote share CDM (%),8.4507
2008 Adjara Supreme Council - Majoritarian,Precinct,32,84-32,Total Turnout (#),320,Total Turnout (%),54.4218,Vote share United Communist Party (%),0,Vote share Georgian Group (%),0,Vote share Industry Will Save Georgia (%),0,Vote share We Ourselves (%),NULL,Vote share United National Movement (%),85.9375,Vote share CDM (%),14.0625
2008 Adjara Supreme Council - Majoritarian,Precinct,33,84-33,Total Turnout (#),218,Total Turnout (%),74.1497,Vote share United Communist Party (%),0.4587,Vote share Georgian Group (%),2.7523,Vote share Industry Will Save Georgia (%),0.4587,Vote share We Ourselves (%),NULL,Vote share United National Movement (%),68.8073,Vote share CDM (%),27.5229
2008 Adjara Supreme Council - Majoritarian,Precinct,34,84-34,Total Turnout (#),150,Total Turnout (%),91.4634,Vote share United Communist Party (%),0,Vote share Georgian Group (%),0,Vote share Industry Will Save Georgia (%),0,Vote share We Ourselves (%),NULL,Vote share United National Movement (%),88.6667,Vote share CDM (%),11.3333
2008 Adjara Supreme Council - Majoritarian,Precinct,35,84-35,Total Turnout (#),233,Total Turnout (%),99.1489,Vote share United Communist Party (%),0,Vote share Georgian Group (%),0,Vote share Industry Will Save Georgia (%),0,Vote share We Ourselves (%),NULL,Vote share United National Movement (%),83.691,Vote share CDM (%),16.309
2008 Adjara Supreme Council - Majoritarian,Precinct,36,84-36,Total Turnout (#),370,Total Turnout (%),86.4486,Vote share United Communist Party (%),0,Vote share Georgian Group (%),0,Vote share Industry Will Save Georgia (%),0,Vote share We Ourselves (%),NULL,Vote share United National Movement (%),84.0541,Vote share CDM (%),15.9459
2008 Adjara Supreme Council - Majoritarian,Precinct,37,84-37,Total Turnout (#),304,Total Turnout (%),61.167,Vote share United Communist Party (%),0,Vote share Georgian Group (%),1.3158,Vote share Industry Will Save Georgia (%),23.0263,Vote share We Ourselves (%),NULL,Vote share United National Movement (%),74.0132,Vote share CDM (%),1.6447
2008 Adjara Supreme Council - Majoritarian,Precinct,38,84-38,Total Turnout (#),196,Total Turnout (%),77.4704,Vote share United Communist Party (%),0,Vote share Georgian Group (%),0,Vote share Industry Will Save Georgia (%),15.3061,Vote share We Ourselves (%),NULL,Vote share United National Movement (%),81.1224,Vote share CDM (%),3.5714
2008 Adjara Supreme Council - Majoritarian,Precinct,39,84-39,Total Turnout (#),429,Total Turnout (%),84.9505,Vote share United Communist Party (%),0,Vote share Georgian Group (%),0,Vote share Industry Will Save Georgia (%),1.1655,Vote share We Ourselves (%),NULL,Vote share United National Movement (%),90.2098,Vote share CDM (%),8.6247
2008 Adjara Supreme Council - Majoritarian,Precinct,40,84-40,Total Turnout (#),447,Total Turnout (%),87.1345,Vote share United Communist Party (%),1.1186,Vote share Georgian Group (%),0.2237,Vote share Industry Will Save Georgia (%),0.2237,Vote share We Ourselves (%),NULL,Vote share United National Movement (%),97.0917,Vote share CDM (%),1.3423
2008 Adjara Supreme Council - Majoritarian,Precinct,41,84-41,Total Turnout (#),515,Total Turnout (%),94.8435,Vote share United Communist Party (%),0,Vote share Georgian Group (%),0,Vote share Industry Will Save Georgia (%),1.165,Vote share We Ourselves (%),NULL,Vote share United National Movement (%),91.6505,Vote share CDM (%),7.1845
2008 Adjara Supreme Council - Majoritarian,Precinct,42,84-42,Total Turnout (#),378,Total Turnout (%),60.48,Vote share United Communist Party (%),0,Vote share Georgian Group (%),0,Vote share Industry Will Save Georgia (%),0.2646,Vote share We Ourselves (%),NULL,Vote share United National Movement (%),51.5873,Vote share CDM (%),48.1481
2008 Adjara Supreme Council - Majoritarian,Precinct,43,84-43,Total Turnout (#),109,Total Turnout (%),58.2888,Vote share United Communist Party (%),0,Vote share Georgian Group (%),0,Vote share Industry Will Save Georgia (%),0.9174,Vote share We Ourselves (%),NULL,Vote share United National Movement (%),80.7339,Vote share CDM (%),18.3486
2008 Adjara Supreme Council - Majoritarian,Precinct,44,84-44,Total Turnout (#),114,Total Turnout (%),54.2857,Vote share United Communist Party (%),0,Vote share Georgian Group (%),0,Vote share Industry Will Save Georgia (%),1.7544,Vote share We Ourselves (%),NULL,Vote share United National Movement (%),64.9123,Vote share CDM (%),33.3333
2008 Adjara Supreme Council - Majoritarian,Precinct,45,84-45,Total Turnout (#),232,Total Turnout (%),81.4035,Vote share United Communist Party (%),1.7241,Vote share Georgian Group (%),0.431,Vote share Industry Will Save Georgia (%),0.431,Vote share We Ourselves (%),NULL,Vote share United National Movement (%),85.3448,Vote share CDM (%),12.069
2008 Adjara Supreme Council - Majoritarian,Precinct,46,84-46,Total Turnout (#),202,Total Turnout (%),69.6552,Vote share United Communist Party (%),0,Vote share Georgian Group (%),3.4653,Vote share Industry Will Save Georgia (%),0,Vote share We Ourselves (%),NULL,Vote share United National Movement (%),91.5842,Vote share CDM (%),4.9505
2008 Adjara Supreme Council - Majoritarian,Precinct,47,84-47,Total Turnout (#),124,Total Turnout (%),91.1765,Vote share United Communist Party (%),0,Vote share Georgian Group (%),8.0645,Vote share Industry Will Save Georgia (%),0,Vote share We Ourselves (%),NULL,Vote share United National Movement (%),89.5161,Vote share CDM (%),2.4194
2008 Adjara Supreme Council - Majoritarian,Precinct,48,84-48,Total Turnout (#),120,Total Turnout (%),77.9221,Vote share United Communist Party (%),0,Vote share Georgian Group (%),0,Vote share Industry Will Save Georgia (%),0,Vote share We Ourselves (%),NULL,Vote share United National Movement (%),82.5,Vote share CDM (%),17.5
2008 Adjara Supreme Council - Majoritarian,Precinct,49,84-49,Total Turnout (#),318,Total Turnout (%),84.3501,Vote share United Communist Party (%),0,Vote share Georgian Group (%),2.8302,Vote share Industry Will Save Georgia (%),3.1447,Vote share We Ourselves (%),NULL,Vote share United National Movement (%),91.195,Vote share CDM (%),2.8302
2008 Adjara Supreme Council - Majoritarian,Precinct,50,84-50,Total Turnout (#),292,Total Turnout (%),93.5897,Vote share United Communist Party (%),0,Vote share Georgian Group (%),0,Vote share Industry Will Save Georgia (%),0,Vote share We Ourselves (%),NULL,Vote share United National Movement (%),93.4932,Vote share CDM (%),6.5068
2008 Adjara Supreme Council - Majoritarian,Precinct,51,84-51,Total Turnout (#),188,Total Turnout (%),65.0519,Vote share United Communist Party (%),2.1277,Vote share Georgian Group (%),0,Vote share Industry Will Save Georgia (%),0,Vote share We Ourselves (%),NULL,Vote share United National Movement (%),86.1702,Vote share CDM (%),11.7021
2008 Adjara Supreme Council - Majoritarian,Precinct,1,82-1,Total Turnout (#),318,Total Turnout (%),46.4912,Vote share United Communist Party (%),0.9434,Vote share Georgian Group (%),NULL,Vote share Industry Will Save Georgia (%),13.2075,Vote share We Ourselves (%),NULL,Vote share United National Movement (%),71.6981,Vote share CDM (%),14.1509
2008 Adjara Supreme Council - Majoritarian,Precinct,2,82-2,Total Turnout (#),185,Total Turnout (%),68.2657,Vote share United Communist Party (%),0,Vote share Georgian Group (%),NULL,Vote share Industry Will Save Georgia (%),1.6216,Vote share We Ourselves (%),NULL,Vote share United National Movement (%),71.3514,Vote share CDM (%),27.027
2008 Adjara Supreme Council - Majoritarian,Precinct,3,82-3,Total Turnout (#),261,Total Turnout (%),77.9104,Vote share United Communist Party (%),0,Vote share Georgian Group (%),NULL,Vote share Industry Will Save Georgia (%),2.2989,Vote share We Ourselves (%),NULL,Vote share United National Movement (%),95.7854,Vote share CDM (%),1.9157
2008 Adjara Supreme Council - Majoritarian,Precinct,4,82-4,Total Turnout (#),350,Total Turnout (%),77.951,Vote share United Communist Party (%),0,Vote share Georgian Group (%),NULL,Vote share Industry Will Save Georgia (%),0.2857,Vote share We Ourselves (%),NULL,Vote share United National Movement (%),90.5714,Vote share CDM (%),9.1429
2008 Adjara Supreme Council - Majoritarian,Precinct,5,82-5,Total Turnout (#),346,Total Turnout (%),72.9958,Vote share United Communist Party (%),0,Vote share Georgian Group (%),NULL,Vote share Industry Will Save Georgia (%),0.578,Vote share We Ourselves (%),NULL,Vote share United National Movement (%),96.2428,Vote share CDM (%),2.6012
2008 Adjara Supreme Council - Majoritarian,Precinct,6,82-6,Total Turnout (#),0,Total Turnout (%),0,Vote share United Communist Party (%),NULL,Vote share Georgian Group (%),NULL,Vote share Industry Will Save Georgia (%),NULL,Vote share We Ourselves (%),NULL,Vote share United National Movement (%),NULL,Vote share CDM (%),NULL
2008 Adjara Supreme Council - Majoritarian,Precinct,7,82-7,Total Turnout (#),0,Total Turnout (%),0,Vote share United Communist Party (%),NULL,Vote share Georgian Group (%),NULL,Vote share Industry Will Save Georgia (%),NULL,Vote share We Ourselves (%),NULL,Vote share United National Movement (%),NULL,Vote share CDM (%),NULL
2008 Adjara Supreme Council - Majoritarian,Precinct,8,82-8,Total Turnout (#),117,Total Turnout (%),81.25,Vote share United Communist Party (%),0.8547,Vote share Georgian Group (%),NULL,Vote share Industry Will Save Georgia (%),0.8547,Vote share We Ourselves (%),NULL,Vote share United National Movement (%),86.3248,Vote share CDM (%),11.9658
2008 Adjara Supreme Council - Majoritarian,Precinct,9,82-9,Total Turnout (#),227,Total Turnout (%),67.7612,Vote share United Communist Party (%),0,Vote share Georgian Group (%),NULL,Vote share Industry Will Save Georgia (%),1.7621,Vote share We Ourselves (%),NULL,Vote share United National Movement (%),90.3084,Vote share CDM (%),7.9295
2008 Adjara Supreme Council - Majoritarian,Precinct,10,82-10,Total Turnout (#),259,Total Turnout (%),67.801,Vote share United Communist Party (%),0.3861,Vote share Georgian Group (%),NULL,Vote share Industry Will Save Georgia (%),9.2664,Vote share We Ourselves (%),NULL,Vote share United National Movement (%),83.7838,Vote share CDM (%),6.5637
2008 Adjara Supreme Council - Majoritarian,Precinct,11,82-11,Total Turnout (#),87,Total Turnout (%),59.589,Vote share United Communist Party (%),0,Vote share Georgian Group (%),NULL,Vote share Industry Will Save Georgia (%),3.4483,Vote share We Ourselves (%),NULL,Vote share United National Movement (%),95.4023,Vote share CDM (%),1.1494
2008 Adjara Supreme Council - Majoritarian,Precinct,12,82-12,Total Turnout (#),0,Total Turnout (%),0,Vote share United Communist Party (%),NULL,Vote share Georgian Group (%),NULL,Vote share Industry Will Save Georgia (%),NULL,Vote share We Ourselves (%),NULL,Vote share United National Movement (%),NULL,Vote share CDM (%),NULL
2008 Adjara Supreme Council - Majoritarian,Precinct,13,82-13,Total Turnout (#),0,Total Turnout (%),0,Vote share United Communist Party (%),NULL,Vote share Georgian Group (%),NULL,Vote share Industry Will Save Georgia (%),NULL,Vote share We Ourselves (%),NULL,Vote share United National Movement (%),NULL,Vote share CDM (%),NULL
2008 Adjara Supreme Council - Majoritarian,Precinct,14,82-14,Total Turnout (#),406,Total Turnout (%),67.6667,Vote share United Communist Party (%),0.7389,Vote share Georgian Group (%),NULL,Vote share Industry Will Save Georgia (%),0.2463,Vote share We Ourselves (%),NULL,Vote share United National Movement (%),94.8276,Vote share CDM (%),4.1872
2008 Adjara Supreme Council - Majoritarian,Precinct,15,82-15,Total Turnout (#),391,Total Turnout (%),72.9478,Vote share United Communist Party (%),0,Vote share Georgian Group (%),NULL,Vote share Industry Will Save Georgia (%),0.7673,Vote share We Ourselves (%),NULL,Vote share United National Movement (%),95.1407,Vote share CDM (%),4.0921
2008 Adjara Supreme Council - Majoritarian,Precinct,16,82-16,Total Turnout (#),306,Total Turnout (%),49.0385,Vote share United Communist Party (%),1.634,Vote share Georgian Group (%),NULL,Vote share Industry Will Save Georgia (%),4.5752,Vote share We Ourselves (%),NULL,Vote share United National Movement (%),81.3725,Vote share CDM (%),11.7647
2008 Adjara Supreme Council - Majoritarian,Precinct,17,82-17,Total Turnout (#),0,Total Turnout (%),0,Vote share United Communist Party (%),NULL,Vote share Georgian Group (%),NULL,Vote share Industry Will Save Georgia (%),NULL,Vote share We Ourselves (%),NULL,Vote share United National Movement (%),NULL,Vote share CDM (%),NULL
2008 Adjara Supreme Council - Majoritarian,Precinct,18,82-18,Total Turnout (#),141,Total Turnout (%),66.1972,Vote share United Communist Party (%),0,Vote share Georgian Group (%),NULL,Vote share Industry Will Save Georgia (%),0,Vote share We Ourselves (%),NULL,Vote share United National Movement (%),82.9787,Vote share CDM (%),17.0213
2008 Adjara Supreme Council - Majoritarian,Precinct,19,82-19,Total Turnout (#),68,Total Turnout (%),74.7253,Vote share United Communist Party (%),0,Vote share Georgian Group (%),NULL,Vote share Industry Will Save Georgia (%),1.4706,Vote share We Ourselves (%),NULL,Vote share United National Movement (%),82.3529,Vote share CDM (%),16.1765
2008 Adjara Supreme Council - Majoritarian,Precinct,20,82-20,Total Turnout (#),236,Total Turnout (%),64.4809,Vote share United Communist Party (%),1.2712,Vote share Georgian Group (%),NULL,Vote share Industry Will Save Georgia (%),0,Vote share We Ourselves (%),NULL,Vote share United National Movement (%),85.1695,Vote share CDM (%),13.5593
2008 Adjara Supreme Council - Majoritarian,Precinct,21,82-21,Total Turnout (#),219,Total Turnout (%),87.251,Vote share United Communist Party (%),0,Vote share Georgian Group (%),NULL,Vote share Industry Will Save Georgia (%),0,Vote share We Ourselves (%),NULL,Vote share United National Movement (%),99.0868,Vote share CDM (%),0.9132
2008 Adjara Supreme Council - Majoritarian,Precinct,22,82-22,Total Turnout (#),115,Total Turnout (%),81.5603,Vote share United Communist Party (%),0,Vote share Georgian Group (%),NULL,Vote share Industry Will Save Georgia (%),0,Vote share We Ourselves (%),NULL,Vote share United National Movement (%),90.4348,Vote share CDM (%),9.5652
2008 Adjara Supreme Council - Majoritarian,Precinct,23,82-23,Total Turnout (#),292,Total Turnout (%),56.5891,Vote share United Communist Party (%),0,Vote share Georgian Group (%),NULL,Vote share Industry Will Save Georgia (%),6.5068,Vote share We Ourselves (%),NULL,Vote share United National Movement (%),81.8493,Vote share CDM (%),11.6438
2008 Adjara Supreme Council - Majoritarian,Precinct,24,82-24,Total Turnout (#),177,Total Turnout (%),84.689,Vote share United Communist Party (%),0,Vote share Georgian Group (%),NULL,Vote share Industry Will Save Georgia (%),0.565,Vote share We Ourselves (%),NULL,Vote share United National Movement (%),88.1356,Vote share CDM (%),11.2994
2008 Adjara Supreme Council - Majoritarian,Precinct,25,82-25,Total Turnout (#),255,Total Turnout (%),91.3978,Vote share United Communist Party (%),0,Vote share Georgian Group (%),NULL,Vote share Industry Will Save Georgia (%),0,Vote share We Ourselves (%),NULL,Vote share United National Movement (%),95.2941,Vote share CDM (%),4.7059
2008 Adjara Supreme Council - Majoritarian,Precinct,26,82-26,Total Turnout (#),155,Total Turnout (%),67.9825,Vote share United Communist Party (%),0.6452,Vote share Georgian Group (%),NULL,Vote share Industry Will Save Georgia (%),0,Vote share We Ourselves (%),NULL,Vote share United National Movement (%),98.7097,Vote share CDM (%),0.6452
2008 Adjara Supreme Council - Majoritarian,Precinct,27,82-27,Total Turnout (#),246,Total Turnout (%),84.8276,Vote share United Communist Party (%),0,Vote share Georgian Group (%),NULL,Vote share Industry Will Save Georgia (%),0,Vote share We Ourselves (%),NULL,Vote share United National Movement (%),98.7805,Vote share CDM (%),1.2195
2008 Adjara Supreme Council - Majoritarian,Precinct,28,82-28,Total Turnout (#),276,Total Turnout (%),53.6965,Vote share United Communist Party (%),2.1739,Vote share Georgian Group (%),NULL,Vote share Industry Will Save Georgia (%),2.8986,Vote share We Ourselves (%),NULL,Vote share United National Movement (%),69.2029,Vote share CDM (%),25.7246
2008 Adjara Supreme Council - Majoritarian,Precinct,29,82-29,Total Turnout (#),197,Total Turnout (%),67.2355,Vote share United Communist Party (%),2.0305,Vote share Georgian Group (%),NULL,Vote share Industry Will Save Georgia (%),0.5076,Vote share We Ourselves (%),NULL,Vote share United National Movement (%),89.3401,Vote share CDM (%),8.1218
2008 Adjara Supreme Council - Majoritarian,Precinct,30,82-30,Total Turnout (#),187,Total Turnout (%),80.6034,Vote share United Communist Party (%),1.6043,Vote share Georgian Group (%),NULL,Vote share Industry Will Save Georgia (%),1.0695,Vote share We Ourselves (%),NULL,Vote share United National Movement (%),85.0267,Vote share CDM (%),12.2995
2008 Adjara Supreme Council - Majoritarian,Precinct,31,82-31,Total Turnout (#),233,Total Turnout (%),74.2038,Vote share United Communist Party (%),0,Vote share Georgian Group (%),NULL,Vote share Industry Will Save Georgia (%),0.8584,Vote share We Ourselves (%),NULL,Vote share United National Movement (%),88.412,Vote share CDM (%),10.7296
2008 Adjara Supreme Council - Majoritarian,Precinct,32,82-32,Total Turnout (#),165,Total Turnout (%),77.1028,Vote share United Communist Party (%),0,Vote share Georgian Group (%),NULL,Vote share Industry Will Save Georgia (%),0,Vote share We Ourselves (%),NULL,Vote share United National Movement (%),98.1818,Vote share CDM (%),1.8182
2008 Adjara Supreme Council - Majoritarian,Precinct,33,82-33,Total Turnout (#),140,Total Turnout (%),89.7436,Vote share United Communist Party (%),0,Vote share Georgian Group (%),NULL,Vote share Industry Will Save Georgia (%),0,Vote share We Ourselves (%),NULL,Vote share United National Movement (%),85,Vote share CDM (%),14.2857
2008 Adjara Supreme Council - Majoritarian,Precinct,34,82-34,Total Turnout (#),240,Total Turnout (%),91.6031,Vote share United Communist Party (%),1.6667,Vote share Georgian Group (%),NULL,Vote share Industry Will Save Georgia (%),0.8333,Vote share We Ourselves (%),NULL,Vote share United National Movement (%),87.0833,Vote share CDM (%),10.4167
2008 Adjara Supreme Council - Majoritarian,Precinct,35,82-35,Total Turnout (#),188,Total Turnout (%),92.1569,Vote share United Communist Party (%),0,Vote share Georgian Group (%),NULL,Vote share Industry Will Save Georgia (%),0,Vote share We Ourselves (%),NULL,Vote share United National Movement (%),93.0851,Vote share CDM (%),6.9149
2008 Adjara Supreme Council - Majoritarian,Precinct,36,82-36,Total Turnout (#),177,Total Turnout (%),52.3669,Vote share United Communist Party (%),0.565,Vote share Georgian Group (%),NULL,Vote share Industry Will Save Georgia (%),1.6949,Vote share We Ourselves (%),NULL,Vote share United National Movement (%),82.4859,Vote share CDM (%),15.2542
2008 Adjara Supreme Council - Majoritarian,Precinct,37,82-37,Total Turnout (#),231,Total Turnout (%),84.3066,Vote share United Communist Party (%),0,Vote share Georgian Group (%),NULL,Vote share Industry Will Save Georgia (%),0.4329,Vote share We Ourselves (%),NULL,Vote share United National Movement (%),90.9091,Vote share CDM (%),8.658
2008 Adjara Supreme Council - Majoritarian,Precinct,38,82-38,Total Turnout (#),357,Total Turnout (%),85.4067,Vote share United Communist Party (%),0,Vote share Georgian Group (%),NULL,Vote share Industry Will Save Georgia (%),0,Vote share We Ourselves (%),NULL,Vote share United National Movement (%),97.479,Vote share CDM (%),2.521
2008 Adjara Supreme Council - Majoritarian,Precinct,39,82-39,Total Turnout (#),294,Total Turnout (%),62.955,Vote share United Communist Party (%),1.0204,Vote share Georgian Group (%),NULL,Vote share Industry Will Save Georgia (%),1.3605,Vote share We Ourselves (%),NULL,Vote share United National Movement (%),94.5578,Vote share CDM (%),3.0612
2008 Adjara Supreme Council - Majoritarian,Precinct,40,82-40,Total Turnout (#),264,Total Turnout (%),96.7033,Vote share United Communist Party (%),0,Vote share Georgian Group (%),NULL,Vote share Industry Will Save Georgia (%),0,Vote share We Ourselves (%),NULL,Vote share United National Movement (%),99.2424,Vote share CDM (%),0.7576
2008 Adjara Supreme Council - Majoritarian,Precinct,41,82-41,Total Turnout (#),260,Total Turnout (%),70.4607,Vote share United Communist Party (%),0,Vote share Georgian Group (%),NULL,Vote share Industry Will Save Georgia (%),0.3846,Vote share We Ourselves (%),NULL,Vote share United National Movement (%),91.9231,Vote share CDM (%),7.6923
2008 Adjara Supreme Council - Majoritarian,Precinct,42,82-42,Total Turnout (#),318,Total Turnout (%),93.5294,Vote share United Communist Party (%),0,Vote share Georgian Group (%),NULL,Vote share Industry Will Save Georgia (%),0.9434,Vote share We Ourselves (%),NULL,Vote share United National Movement (%),96.2264,Vote share CDM (%),2.8302
2008 Adjara Supreme Council - Majoritarian,Precinct,43,82-43,Total Turnout (#),0,Total Turnout (%),0,Vote share United Communist Party (%),NULL,Vote share Georgian Group (%),NULL,Vote share Industry Will Save Georgia (%),NULL,Vote share We Ourselves (%),NULL,Vote share United National Movement (%),NULL,Vote share CDM (%),NULL
2008 Adjara Supreme Council - Majoritarian,Precinct,44,82-44,Total Turnout (#),127,Total Turnout (%),94.0741,Vote share United Communist Party (%),0,Vote share Georgian Group (%),NULL,Vote share Industry Will Save Georgia (%),0,Vote share We Ourselves (%),NULL,Vote share United National Movement (%),96.8504,Vote share CDM (%),3.1496
2008 Adjara Supreme Council - Majoritarian,Precinct,45,82-45,Total Turnout (#),122,Total Turnout (%),62.2449,Vote share United Communist Party (%),0,Vote share Georgian Group (%),NULL,Vote share Industry Will Save Georgia (%),4.0984,Vote share We Ourselves (%),NULL,Vote share United National Movement (%),85.2459,Vote share CDM (%),10.6557
2008 Adjara Supreme Council - Majoritarian,Precinct,46,82-46,Total Turnout (#),160,Total Turnout (%),57.3477,Vote share United Communist Party (%),1.25,Vote share Georgian Group (%),NULL,Vote share Industry Will Save Georgia (%),22.5,Vote share We Ourselves (%),NULL,Vote share United National Movement (%),63.75,Vote share CDM (%),12.5
2008 Adjara Supreme Council - Majoritarian,Precinct,47,82-47,Total Turnout (#),128,Total Turnout (%),76.1905,Vote share United Communist Party (%),0.7813,Vote share Georgian Group (%),NULL,Vote share Industry Will Save Georgia (%),1.5625,Vote share We Ourselves (%),NULL,Vote share United National Movement (%),89.8438,Vote share CDM (%),7.0313
2008 Adjara Supreme Council - Majoritarian,Precinct,48,82-48,Total Turnout (#),0,Total Turnout (%),0,Vote share United Communist Party (%),NULL,Vote share Georgian Group (%),NULL,Vote share Industry Will Save Georgia (%),NULL,Vote share We Ourselves (%),NULL,Vote share United National Movement (%),NULL,Vote share CDM (%),NULL
2008 Adjara Supreme Council - Majoritarian,Precinct,49,82-49,Total Turnout (#),89,Total Turnout (%),90.8163,Vote share United Communist Party (%),0,Vote share Georgian Group (%),NULL,Vote share Industry Will Save Georgia (%),0,Vote share We Ourselves (%),NULL,Vote share United National Movement (%),95.5056,Vote share CDM (%),4.4944
2008 Adjara Supreme Council - Majoritarian,Precinct,1,81-1,Total Turnout (#),342,Total Turnout (%),50.0732,Vote share United Communist Party (%),0.2924,Vote share Georgian Group (%),1.1696,Vote share Industry Will Save Georgia (%),4.386,Vote share We Ourselves (%),1.7544,Vote share United National Movement (%),84.2105,Vote share CDM (%),8.1871
2008 Adjara Supreme Council - Majoritarian,Precinct,2,81-2,Total Turnout (#),365,Total Turnout (%),31.3305,Vote share United Communist Party (%),1.0959,Vote share Georgian Group (%),0.5479,Vote share Industry Will Save Georgia (%),0.274,Vote share We Ourselves (%),0.8219,Vote share United National Movement (%),83.2877,Vote share CDM (%),13.4247
2008 Adjara Supreme Council - Majoritarian,Precinct,3,81-3,Total Turnout (#),295,Total Turnout (%),30.5067,Vote share United Communist Party (%),0.678,Vote share Georgian Group (%),0,Vote share Industry Will Save Georgia (%),1.6949,Vote share We Ourselves (%),2.3729,Vote share United National Movement (%),77.9661,Vote share CDM (%),16.9492
2008 Adjara Supreme Council - Majoritarian,Precinct,4,81-4,Total Turnout (#),507,Total Turnout (%),37.1974,Vote share United Communist Party (%),1.3807,Vote share Georgian Group (%),0.9862,Vote share Industry Will Save Georgia (%),1.9724,Vote share We Ourselves (%),3.5503,Vote share United National Movement (%),75.3452,Vote share CDM (%),16.7653
2008 Adjara Supreme Council - Majoritarian,Precinct,5,81-5,Total Turnout (#),232,Total Turnout (%),33.672,Vote share United Communist Party (%),1.7241,Vote share Georgian Group (%),3.8793,Vote share Industry Will Save Georgia (%),0.8621,Vote share We Ourselves (%),3.4483,Vote share United National Movement (%),67.2414,Vote share CDM (%),22.4138
2008 Adjara Supreme Council - Majoritarian,Precinct,6,81-6,Total Turnout (#),235,Total Turnout (%),44.592,Vote share United Communist Party (%),0.8511,Vote share Georgian Group (%),4.2553,Vote share Industry Will Save Georgia (%),0.8511,Vote share We Ourselves (%),1.2766,Vote share United National Movement (%),81.2766,Vote share CDM (%),11.4894
2008 Adjara Supreme Council - Majoritarian,Precinct,7,81-7,Total Turnout (#),417,Total Turnout (%),33.4671,Vote share United Communist Party (%),2.1583,Vote share Georgian Group (%),1.199,Vote share Industry Will Save Georgia (%),1.199,Vote share We Ourselves (%),4.7962,Vote share United National Movement (%),72.6619,Vote share CDM (%),17.9856
2008 Adjara Supreme Council - Majoritarian,Precinct,8,81-8,Total Turnout (#),270,Total Turnout (%),35.5263,Vote share United Communist Party (%),0.3704,Vote share Georgian Group (%),2.2222,Vote share Industry Will Save Georgia (%),2.2222,Vote share We Ourselves (%),4.4444,Vote share United National Movement (%),63.3333,Vote share CDM (%),27.4074
2008 Adjara Supreme Council - Majoritarian,Precinct,9,81-9,Total Turnout (#),522,Total Turnout (%),42.2672,Vote share United Communist Party (%),0.5747,Vote share Georgian Group (%),1.341,Vote share Industry Will Save Georgia (%),0.9579,Vote share We Ourselves (%),5.364,Vote share United National Movement (%),75.8621,Vote share CDM (%),12.4521
2008 Adjara Supreme Council - Majoritarian,Precinct,10,81-10,Total Turnout (#),571,Total Turnout (%),43.1269,Vote share United Communist Party (%),1.9264,Vote share Georgian Group (%),1.4011,Vote share Industry Will Save Georgia (%),0.3503,Vote share We Ourselves (%),6.3047,Vote share United National Movement (%),75.1313,Vote share CDM (%),14.8862
2008 Adjara Supreme Council - Majoritarian,Precinct,11,81-11,Total Turnout (#),1349,Total Turnout (%),80.1545,Vote share United Communist Party (%),0.4448,Vote share Georgian Group (%),0,Vote share Industry Will Save Georgia (%),0,Vote share We Ourselves (%),1.4085,Vote share United National Movement (%),89.3254,Vote share CDM (%),8.6731
2008 Adjara Supreme Council - Majoritarian,Precinct,12,81-12,Total Turnout (#),671,Total Turnout (%),50.112,Vote share United Communist Party (%),0.4471,Vote share Georgian Group (%),0.2981,Vote share Industry Will Save Georgia (%),0.2981,Vote share We Ourselves (%),0.2981,Vote share United National Movement (%),91.6542,Vote share CDM (%),7.0045
2008 Adjara Supreme Council - Majoritarian,Precinct,13,81-13,Total Turnout (#),441,Total Turnout (%),46.9649,Vote share United Communist Party (%),6.1224,Vote share Georgian Group (%),0.2268,Vote share Industry Will Save Georgia (%),0.6803,Vote share We Ourselves (%),1.8141,Vote share United National Movement (%),79.1383,Vote share CDM (%),12.0181
2008 Adjara Supreme Council - Majoritarian,Precinct,14,81-14,Total Turnout (#),582,Total Turnout (%),35.3155,Vote share United Communist Party (%),2.0619,Vote share Georgian Group (%),1.3746,Vote share Industry Will Save Georgia (%),0.8591,Vote share We Ourselves (%),2.2337,Vote share United National Movement (%),77.3196,Vote share CDM (%),16.1512
2008 Adjara Supreme Council - Majoritarian,Precinct,15,81-15,Total Turnout (#),566,Total Turnout (%),34.2823,Vote share United Communist Party (%),4.0636,Vote share Georgian Group (%),0.3534,Vote share Industry Will Save Georgia (%),0.53,Vote share We Ourselves (%),1.5901,Vote share United National Movement (%),79.682,Vote share CDM (%),13.7809
2008 Adjara Supreme Council - Majoritarian,Precinct,16,81-16,Total Turnout (#),620,Total Turnout (%),38.9203,Vote share United Communist Party (%),2.7419,Vote share Georgian Group (%),0.4839,Vote share Industry Will Save Georgia (%),0.1613,Vote share We Ourselves (%),1.4516,Vote share United National Movement (%),74.8387,Vote share CDM (%),20.3226
2008 Adjara Supreme Council - Majoritarian,Precinct,17,81-17,Total Turnout (#),676,Total Turnout (%),56.1929,Vote share United Communist Party (%),2.8107,Vote share Georgian Group (%),0,Vote share Industry Will Save Georgia (%),0.7396,Vote share We Ourselves (%),3.1065,Vote share United National Movement (%),83.7278,Vote share CDM (%),9.6154
2008 Adjara Supreme Council - Majoritarian,Precinct,18,81-18,Total Turnout (#),418,Total Turnout (%),62.7628,Vote share United Communist Party (%),2.1531,Vote share Georgian Group (%),0.4785,Vote share Industry Will Save Georgia (%),0.7177,Vote share We Ourselves (%),1.4354,Vote share United National Movement (%),86.6029,Vote share CDM (%),8.6124
2008 Adjara Supreme Council - Majoritarian,Precinct,19,81-19,Total Turnout (#),592,Total Turnout (%),37.9001,Vote share United Communist Party (%),0.3378,Vote share Georgian Group (%),0.6757,Vote share Industry Will Save Georgia (%),1.6892,Vote share We Ourselves (%),2.7027,Vote share United National Movement (%),75.1689,Vote share CDM (%),18.75
2008 Adjara Supreme Council - Majoritarian,Precinct,20,81-20,Total Turnout (#),547,Total Turnout (%),49.637,Vote share United Communist Party (%),0.7313,Vote share Georgian Group (%),0,Vote share Industry Will Save Georgia (%),5.4845,Vote share We Ourselves (%),7.8611,Vote share United National Movement (%),74.9543,Vote share CDM (%),10.9689
2008 Adjara Supreme Council - Majoritarian,Precinct,21,81-21,Total Turnout (#),495,Total Turnout (%),34.6639,Vote share United Communist Party (%),2.0202,Vote share Georgian Group (%),3.4343,Vote share Industry Will Save Georgia (%),0.6061,Vote share We Ourselves (%),2.0202,Vote share United National Movement (%),75.3535,Vote share CDM (%),16.5657
2008 Adjara Supreme Council - Majoritarian,Precinct,22,81-22,Total Turnout (#),323,Total Turnout (%),27.7253,Vote share United Communist Party (%),0.6192,Vote share Georgian Group (%),8.0495,Vote share Industry Will Save Georgia (%),0,Vote share We Ourselves (%),0.9288,Vote share United National Movement (%),67.1827,Vote share CDM (%),23.2198
2008 Adjara Supreme Council - Majoritarian,Precinct,23,81-23,Total Turnout (#),651,Total Turnout (%),53.1863,Vote share United Communist Party (%),0.6144,Vote share Georgian Group (%),1.6897,Vote share Industry Will Save Georgia (%),0.3072,Vote share We Ourselves (%),3.2258,Vote share United National Movement (%),81.874,Vote share CDM (%),10.9063
2008 Adjara Supreme Council - Majoritarian,Precinct,24,81-24,Total Turnout (#),329,Total Turnout (%),29.6664,Vote share United Communist Party (%),0.304,Vote share Georgian Group (%),0,Vote share Industry Will Save Georgia (%),0.304,Vote share We Ourselves (%),5.1672,Vote share United National Movement (%),78.7234,Vote share CDM (%),12.766
2008 Adjara Supreme Council - Majoritarian,Precinct,25,81-25,Total Turnout (#),327,Total Turnout (%),42.4675,Vote share United Communist Party (%),0.9174,Vote share Georgian Group (%),0.3058,Vote share Industry Will Save Georgia (%),1.2232,Vote share We Ourselves (%),2.1407,Vote share United National Movement (%),78.8991,Vote share CDM (%),16.5138
2008 Adjara Supreme Council - Majoritarian,Precinct,26,81-26,Total Turnout (#),652,Total Turnout (%),41.7414,Vote share United Communist Party (%),0.6135,Vote share Georgian Group (%),2.6074,Vote share Industry Will Save Georgia (%),0.1534,Vote share We Ourselves (%),6.4417,Vote share United National Movement (%),82.0552,Vote share CDM (%),7.8221
2008 Adjara Supreme Council - Majoritarian,Precinct,27,81-27,Total Turnout (#),681,Total Turnout (%),43.7661,Vote share United Communist Party (%),0.1468,Vote share Georgian Group (%),2.3495,Vote share Industry Will Save Georgia (%),0,Vote share We Ourselves (%),2.3495,Vote share United National Movement (%),90.6021,Vote share CDM (%),4.5521
2008 Adjara Supreme Council - Majoritarian,Precinct,28,81-28,Total Turnout (#),309,Total Turnout (%),40.445,Vote share United Communist Party (%),0,Vote share Georgian Group (%),0.3236,Vote share Industry Will Save Georgia (%),0,Vote share We Ourselves (%),3.2362,Vote share United National Movement (%),94.4984,Vote share CDM (%),1.9417
2008 Adjara Supreme Council - Majoritarian,Precinct,29,81-29,Total Turnout (#),766,Total Turnout (%),49.3875,Vote share United Communist Party (%),1.0444,Vote share Georgian Group (%),0.9138,Vote share Industry Will Save Georgia (%),0.9138,Vote share We Ourselves (%),28.7206,Vote share United National Movement (%),64.2298,Vote share CDM (%),4.1775
2008 Adjara Supreme Council - Majoritarian,Precinct,30,81-30,Total Turnout (#),390,Total Turnout (%),30.445,Vote share United Communist Party (%),0.2564,Vote share Georgian Group (%),0.5128,Vote share Industry Will Save Georgia (%),0,Vote share We Ourselves (%),9.4872,Vote share United National Movement (%),81.2821,Vote share CDM (%),8.4615
2008 Adjara Supreme Council - Majoritarian,Precinct,31,81-31,Total Turnout (#),614,Total Turnout (%),37.9012,Vote share United Communist Party (%),0.9772,Vote share Georgian Group (%),0.4886,Vote share Industry Will Save Georgia (%),0.4886,Vote share We Ourselves (%),2.9316,Vote share United National Movement (%),78.9902,Vote share CDM (%),16.1238
2008 Adjara Supreme Council - Majoritarian,Precinct,32,81-32,Total Turnout (#),518,Total Turnout (%),45.5185,Vote share United Communist Party (%),0.3861,Vote share Georgian Group (%),0.1931,Vote share Industry Will Save Georgia (%),0.7722,Vote share We Ourselves (%),2.8958,Vote share United National Movement (%),83.3977,Vote share CDM (%),10.8108
2008 Adjara Supreme Council - Majoritarian,Precinct,33,81-33,Total Turnout (#),368,Total Turnout (%),57.59,Vote share United Communist Party (%),1.087,Vote share Georgian Group (%),0,Vote share Industry Will Save Georgia (%),0,Vote share We Ourselves (%),0.8152,Vote share United National Movement (%),86.1413,Vote share CDM (%),11.9565
2008 Adjara Supreme Council - Majoritarian,Precinct,34,81-34,Total Turnout (#),351,Total Turnout (%),31.5081,Vote share United Communist Party (%),0,Vote share Georgian Group (%),1.4245,Vote share Industry Will Save Georgia (%),0.2849,Vote share We Ourselves (%),1.4245,Vote share United National Movement (%),79.4872,Vote share CDM (%),17.3789
2008 Adjara Supreme Council - Majoritarian,Precinct,35,81-35,Total Turnout (#),541,Total Turnout (%),59.2552,Vote share United Communist Party (%),1.4787,Vote share Georgian Group (%),0,Vote share Industry Will Save Georgia (%),0,Vote share We Ourselves (%),0.7394,Vote share United National Movement (%),84.8429,Vote share CDM (%),12.939
2008 Adjara Supreme Council - Majoritarian,Precinct,36,81-36,Total Turnout (#),808,Total Turnout (%),67.3895,Vote share United Communist Party (%),0.1238,Vote share Georgian Group (%),0.2475,Vote share Industry Will Save Georgia (%),0.1238,Vote share We Ourselves (%),8.2921,Vote share United National Movement (%),83.0446,Vote share CDM (%),8.1683
2008 Adjara Supreme Council - Majoritarian,Precinct,37,81-37,Total Turnout (#),101,Total Turnout (%),50.2488,Vote share United Communist Party (%),0,Vote share Georgian Group (%),2.9703,Vote share Industry Will Save Georgia (%),0.9901,Vote share We Ourselves (%),0.9901,Vote share United National Movement (%),89.1089,Vote share CDM (%),5.9406
2008 Adjara Supreme Council - Majoritarian,Precinct,38,81-38,Total Turnout (#),456,Total Turnout (%),40.8602,Vote share United Communist Party (%),0.2193,Vote share Georgian Group (%),1.9737,Vote share Industry Will Save Georgia (%),1.7544,Vote share We Ourselves (%),3.9474,Vote share United National Movement (%),79.8246,Vote share CDM (%),12.2807
2008 Adjara Supreme Council - Majoritarian,Precinct,39,81-39,Total Turnout (#),249,Total Turnout (%),50.5071,Vote share United Communist Party (%),0.4016,Vote share Georgian Group (%),0.4016,Vote share Industry Will Save Georgia (%),0.4016,Vote share We Ourselves (%),3.6145,Vote share United National Movement (%),87.1486,Vote share CDM (%),8.0321
2008 Adjara Supreme Council - Majoritarian,Precinct,40,81-40,Total Turnout (#),317,Total Turnout (%),54.0034,Vote share United Communist Party (%),0,Vote share Georgian Group (%),0,Vote share Industry Will Save Georgia (%),0.3155,Vote share We Ourselves (%),0.6309,Vote share United National Movement (%),78.5489,Vote share CDM (%),20.5047
2008 Adjara Supreme Council - Majoritarian,Precinct,41,81-41,Total Turnout (#),621,Total Turnout (%),46.9743,Vote share United Communist Party (%),0,Vote share Georgian Group (%),0,Vote share Industry Will Save Georgia (%),0,Vote share We Ourselves (%),10.467,Vote share United National Movement (%),83.4138,Vote share CDM (%),6.1192
2008 Adjara Supreme Council - Majoritarian,Precinct,42,81-42,Total Turnout (#),531,Total Turnout (%),48.1414,Vote share United Communist Party (%),6.5913,Vote share Georgian Group (%),0,Vote share Industry Will Save Georgia (%),0,Vote share We Ourselves (%),9.7928,Vote share United National Movement (%),75.7062,Vote share CDM (%),7.533
2008 Adjara Supreme Council - Majoritarian,Precinct,43,81-43,Total Turnout (#),480,Total Turnout (%),36.3086,Vote share United Communist Party (%),2.5,Vote share Georgian Group (%),1.4583,Vote share Industry Will Save Georgia (%),0.4167,Vote share We Ourselves (%),2.5,Vote share United National Movement (%),62.5,Vote share CDM (%),30.625
2008 Adjara Supreme Council - Majoritarian,Precinct,44,81-44,Total Turnout (#),542,Total Turnout (%),33.6437,Vote share United Communist Party (%),0.9225,Vote share Georgian Group (%),1.6605,Vote share Industry Will Save Georgia (%),0.5535,Vote share We Ourselves (%),0.369,Vote share United National Movement (%),55.7196,Vote share CDM (%),40.7749
2008 Adjara Supreme Council - Majoritarian,Precinct,45,81-45,Total Turnout (#),326,Total Turnout (%),39.1827,Vote share United Communist Party (%),2.454,Vote share Georgian Group (%),0.6135,Vote share Industry Will Save Georgia (%),1.227,Vote share We Ourselves (%),6.4417,Vote share United National Movement (%),74.5399,Vote share CDM (%),14.7239
2008 Adjara Supreme Council - Majoritarian,Precinct,46,81-46,Total Turnout (#),857,Total Turnout (%),56.605,Vote share United Communist Party (%),5.4842,Vote share Georgian Group (%),6.5344,Vote share Industry Will Save Georgia (%),0.7001,Vote share We Ourselves (%),1.4002,Vote share United National Movement (%),74.2124,Vote share CDM (%),11.6686
2008 Adjara Supreme Council - Majoritarian,Precinct,47,81-47,Total Turnout (#),540,Total Turnout (%),49.0909,Vote share United Communist Party (%),0.3704,Vote share Georgian Group (%),0.1852,Vote share Industry Will Save Georgia (%),0.3704,Vote share We Ourselves (%),11.1111,Vote share United National Movement (%),80.5556,Vote share CDM (%),7.4074
2008 Adjara Supreme Council - Majoritarian,Precinct,48,81-48,Total Turnout (#),554,Total Turnout (%),34.7118,Vote share United Communist Party (%),0.9025,Vote share Georgian Group (%),1.8051,Vote share Industry Will Save Georgia (%),0.9025,Vote share We Ourselves (%),1.6245,Vote share United National Movement (%),75.4513,Vote share CDM (%),19.3141
2008 Adjara Supreme Council - Majoritarian,Precinct,49,81-49,Total Turnout (#),360,Total Turnout (%),36.1809,Vote share United Communist Party (%),0.2778,Vote share Georgian Group (%),0.2778,Vote share Industry Will Save Georgia (%),0.2778,Vote share We Ourselves (%),4.1667,Vote share United National Movement (%),78.6111,Vote share CDM (%),16.3889
2008 Adjara Supreme Council - Majoritarian,Precinct,50,81-50,Total Turnout (#),398,Total Turnout (%),40.6537,Vote share United Communist Party (%),0,Vote share Georgian Group (%),2.5126,Vote share Industry Will Save Georgia (%),0.5025,Vote share We Ourselves (%),4.0201,Vote share United National Movement (%),69.598,Vote share CDM (%),23.3668
2008 Adjara Supreme Council - Majoritarian,Precinct,51,81-51,Total Turnout (#),296,Total Turnout (%),49.2512,Vote share United Communist Party (%),2.027,Vote share Georgian Group (%),2.7027,Vote share Industry Will Save Georgia (%),1.3514,Vote share We Ourselves (%),4.3919,Vote share United National Movement (%),76.6892,Vote share CDM (%),12.8378
2008 Adjara Supreme Council - Majoritarian,Precinct,52,81-52,Total Turnout (#),271,Total Turnout (%),33.6646,Vote share United Communist Party (%),1.107,Vote share Georgian Group (%),0,Vote share Industry Will Save Georgia (%),0,Vote share We Ourselves (%),0.738,Vote share United National Movement (%),81.1808,Vote share CDM (%),16.9742
2008 Adjara Supreme Council - Majoritarian,Precinct,53,81-53,Total Turnout (#),234,Total Turnout (%),23.6364,Vote share United Communist Party (%),1.2821,Vote share Georgian Group (%),0.8547,Vote share Industry Will Save Georgia (%),0,Vote share We Ourselves (%),3.4188,Vote share United National Movement (%),82.906,Vote share CDM (%),10.6838
2008 Adjara Supreme Council - Majoritarian,Precinct,54,81-54,Total Turnout (#),633,Total Turnout (%),53.1486,Vote share United Communist Party (%),0.9479,Vote share Georgian Group (%),0.6319,Vote share Industry Will Save Georgia (%),0.4739,Vote share We Ourselves (%),2.5276,Vote share United National Movement (%),84.0442,Vote share CDM (%),11.3744
2008 Adjara Supreme Council - Majoritarian,Precinct,56,81-56,Total Turnout (#),492,Total Turnout (%),54.3046,Vote share United Communist Party (%),1.4228,Vote share Georgian Group (%),0.4065,Vote share Industry Will Save Georgia (%),0.2033,Vote share We Ourselves (%),2.0325,Vote share United National Movement (%),78.4553,Vote share CDM (%),17.4797
2008 Adjara Supreme Council - Majoritarian,Precinct,57,81-57,Total Turnout (#),238,Total Turnout (%),45.0758,Vote share United Communist Party (%),0.4202,Vote share Georgian Group (%),0,Vote share Industry Will Save Georgia (%),3.7815,Vote share We Ourselves (%),5.4622,Vote share United National Movement (%),72.2689,Vote share CDM (%),18.0672
2008 Adjara Supreme Council - Majoritarian,Precinct,58,81-58,Total Turnout (#),352,Total Turnout (%),40.9779,Vote share United Communist Party (%),0.2841,Vote share Georgian Group (%),33.8068,Vote share Industry Will Save Georgia (%),0.2841,Vote share We Ourselves (%),0.5682,Vote share United National Movement (%),49.1477,Vote share CDM (%),15.0568
2008 Adjara Supreme Council - Majoritarian,Precinct,59,81-59,Total Turnout (#),397,Total Turnout (%),46.7059,Vote share United Communist Party (%),0.5038,Vote share Georgian Group (%),1.5113,Vote share Industry Will Save Georgia (%),1.2594,Vote share We Ourselves (%),1.2594,Vote share United National Movement (%),69.0176,Vote share CDM (%),25.9446
2008 Adjara Supreme Council - Majoritarian,Precinct,60,81-60,Total Turnout (#),217,Total Turnout (%),17.6423,Vote share United Communist Party (%),0.9217,Vote share Georgian Group (%),1.8433,Vote share Industry Will Save Georgia (%),0,Vote share We Ourselves (%),1.3825,Vote share United National Movement (%),87.0968,Vote share CDM (%),8.7558
2008 Adjara Supreme Council - Majoritarian,Precinct,61,81-61,Total Turnout (#),330,Total Turnout (%),31.1615,Vote share United Communist Party (%),0,Vote share Georgian Group (%),0,Vote share Industry Will Save Georgia (%),0,Vote share We Ourselves (%),6.0606,Vote share United National Movement (%),70.303,Vote share CDM (%),23.6364
2008 Adjara Supreme Council - Majoritarian,Precinct,62,81-62,Total Turnout (#),296,Total Turnout (%),41.1111,Vote share United Communist Party (%),1.0135,Vote share Georgian Group (%),5.0676,Vote share Industry Will Save Georgia (%),0,Vote share We Ourselves (%),0.6757,Vote share United National Movement (%),85.1351,Vote share CDM (%),8.1081
2008 Adjara Supreme Council - Majoritarian,Precinct,63,81-63,Total Turnout (#),NULL,Total Turnout (%),NULL,Vote share United Communist Party (%),NULL,Vote share Georgian Group (%),NULL,Vote share Industry Will Save Georgia (%),NULL,Vote share We Ourselves (%),NULL,Vote share United National Movement (%),NULL,Vote share CDM (%),NULL
2008 Adjara Supreme Council - Majoritarian,Precinct,1,79-1,Total Turnout (#),451,Total Turnout (%),30.8482,Vote share United Communist Party (%),2.439,Vote share Georgian Group (%),2.2173,Vote share Industry Will Save Georgia (%),1.7738,Vote share We Ourselves (%),0.8869,Vote share United National Movement (%),71.8404,Vote share CDM (%),20.8426
2008 Adjara Supreme Council - Majoritarian,Precinct,2,79-2,Total Turnout (#),468,Total Turnout (%),34.6154,Vote share United Communist Party (%),3.6325,Vote share Georgian Group (%),4.0598,Vote share Industry Will Save Georgia (%),1.9231,Vote share We Ourselves (%),0.2137,Vote share United National Movement (%),76.0684,Vote share CDM (%),13.8889
2008 Adjara Supreme Council - Majoritarian,Precinct,3,79-3,Total Turnout (#),368,Total Turnout (%),26.4558,Vote share United Communist Party (%),2.9891,Vote share Georgian Group (%),5.9783,Vote share Industry Will Save Georgia (%),1.3587,Vote share We Ourselves (%),2.7174,Vote share United National Movement (%),71.7391,Vote share CDM (%),15.2174
2008 Adjara Supreme Council - Majoritarian,Precinct,4,79-4,Total Turnout (#),401,Total Turnout (%),32.4171,Vote share United Communist Party (%),1.995,Vote share Georgian Group (%),2.4938,Vote share Industry Will Save Georgia (%),1.995,Vote share We Ourselves (%),1.2469,Vote share United National Movement (%),77.3067,Vote share CDM (%),14.9626
2008 Adjara Supreme Council - Majoritarian,Precinct,5,79-5,Total Turnout (#),118,Total Turnout (%),11.9554,Vote share United Communist Party (%),0.8475,Vote share Georgian Group (%),4.2373,Vote share Industry Will Save Georgia (%),0.8475,Vote share We Ourselves (%),0,Vote share United National Movement (%),77.1186,Vote share CDM (%),16.9492
2008 Adjara Supreme Council - Majoritarian,Precinct,6,79-6,Total Turnout (#),455,Total Turnout (%),38.5593,Vote share United Communist Party (%),5.0549,Vote share Georgian Group (%),2.6374,Vote share Industry Will Save Georgia (%),7.2527,Vote share We Ourselves (%),1.3187,Vote share United National Movement (%),64.8352,Vote share CDM (%),18.9011
2008 Adjara Supreme Council - Majoritarian,Precinct,7,79-7,Total Turnout (#),325,Total Turnout (%),31.5228,Vote share United Communist Party (%),1.5385,Vote share Georgian Group (%),6.4615,Vote share Industry Will Save Georgia (%),5.2308,Vote share We Ourselves (%),4,Vote share United National Movement (%),60.3077,Vote share CDM (%),21.8462
2008 Adjara Supreme Council - Majoritarian,Precinct,8,79-8,Total Turnout (#),411,Total Turnout (%),28.3058,Vote share United Communist Party (%),2.9197,Vote share Georgian Group (%),6.326,Vote share Industry Will Save Georgia (%),1.4599,Vote share We Ourselves (%),2.4331,Vote share United National Movement (%),74.4526,Vote share CDM (%),12.4088
2008 Adjara Supreme Council - Majoritarian,Precinct,9,79-9,Total Turnout (#),376,Total Turnout (%),28.1016,Vote share United Communist Party (%),2.9255,Vote share Georgian Group (%),6.9149,Vote share Industry Will Save Georgia (%),4.5213,Vote share We Ourselves (%),3.4574,Vote share United National Movement (%),63.5638,Vote share CDM (%),18.617
2008 Adjara Supreme Council - Majoritarian,Precinct,10,79-10,Total Turnout (#),518,Total Turnout (%),37.106,Vote share United Communist Party (%),3.861,Vote share Georgian Group (%),5.9846,Vote share Industry Will Save Georgia (%),5.9846,Vote share We Ourselves (%),1.5444,Vote share United National Movement (%),74.3243,Vote share CDM (%),8.3012
2008 Adjara Supreme Council - Majoritarian,Precinct,11,79-11,Total Turnout (#),381,Total Turnout (%),31.9363,Vote share United Communist Party (%),1.3123,Vote share Georgian Group (%),5.2493,Vote share Industry Will Save Georgia (%),2.0997,Vote share We Ourselves (%),1.3123,Vote share United National Movement (%),74.2782,Vote share CDM (%),15.748
2008 Adjara Supreme Council - Majoritarian,Precinct,12,79-12,Total Turnout (#),447,Total Turnout (%),31.1715,Vote share United Communist Party (%),3.3557,Vote share Georgian Group (%),4.2506,Vote share Industry Will Save Georgia (%),1.3423,Vote share We Ourselves (%),2.2371,Vote share United National Movement (%),70.4698,Vote share CDM (%),18.3445
2008 Adjara Supreme Council - Majoritarian,Precinct,13,79-13,Total Turnout (#),413,Total Turnout (%),27.4236,Vote share United Communist Party (%),3.1477,Vote share Georgian Group (%),4.6005,Vote share Industry Will Save Georgia (%),3.8741,Vote share We Ourselves (%),2.9056,Vote share United National Movement (%),67.5545,Vote share CDM (%),17.9177
2008 Adjara Supreme Council - Majoritarian,Precinct,14,79-14,Total Turnout (#),562,Total Turnout (%),59.9787,Vote share United Communist Party (%),2.3132,Vote share Georgian Group (%),1.7794,Vote share Industry Will Save Georgia (%),2.847,Vote share We Ourselves (%),1.7794,Vote share United National Movement (%),81.8505,Vote share CDM (%),9.4306
2008 Adjara Supreme Council - Majoritarian,Precinct,15,79-15,Total Turnout (#),920,Total Turnout (%),65.0636,Vote share United Communist Party (%),1.3043,Vote share Georgian Group (%),1.7391,Vote share Industry Will Save Georgia (%),1.1957,Vote share We Ourselves (%),1.3043,Vote share United National Movement (%),85.4348,Vote share CDM (%),8.3696
2008 Adjara Supreme Council - Majoritarian,Precinct,16,79-16,Total Turnout (#),398,Total Turnout (%),35.5357,Vote share United Communist Party (%),3.5176,Vote share Georgian Group (%),0.5025,Vote share Industry Will Save Georgia (%),1.005,Vote share We Ourselves (%),2.0101,Vote share United National Movement (%),69.8492,Vote share CDM (%),23.1156
2008 Adjara Supreme Council - Majoritarian,Precinct,17,79-17,Total Turnout (#),541,Total Turnout (%),37.5434,Vote share United Communist Party (%),2.403,Vote share Georgian Group (%),1.4787,Vote share Industry Will Save Georgia (%),2.7726,Vote share We Ourselves (%),0.9242,Vote share United National Movement (%),74.4917,Vote share CDM (%),17.9298
2008 Adjara Supreme Council - Majoritarian,Precinct,18,79-18,Total Turnout (#),461,Total Turnout (%),30.2493,Vote share United Communist Party (%),1.9523,Vote share Georgian Group (%),1.9523,Vote share Industry Will Save Georgia (%),1.5184,Vote share We Ourselves (%),4.1215,Vote share United National Movement (%),74.4035,Vote share CDM (%),16.0521
2008 Adjara Supreme Council - Majoritarian,Precinct,19,79-19,Total Turnout (#),466,Total Turnout (%),32.4513,Vote share United Communist Party (%),8.5837,Vote share Georgian Group (%),2.1459,Vote share Industry Will Save Georgia (%),3.0043,Vote share We Ourselves (%),3.8627,Vote share United National Movement (%),67.8112,Vote share CDM (%),14.5923
2008 Adjara Supreme Council - Majoritarian,Precinct,20,79-20,Total Turnout (#),440,Total Turnout (%),30.303,Vote share United Communist Party (%),2.5,Vote share Georgian Group (%),0.4545,Vote share Industry Will Save Georgia (%),1.3636,Vote share We Ourselves (%),2.9545,Vote share United National Movement (%),71.5909,Vote share CDM (%),21.1364
2008 Adjara Supreme Council - Majoritarian,Precinct,21,79-21,Total Turnout (#),465,Total Turnout (%),30.1361,Vote share United Communist Party (%),2.5806,Vote share Georgian Group (%),0.4301,Vote share Industry Will Save Georgia (%),1.7204,Vote share We Ourselves (%),3.6559,Vote share United National Movement (%),71.6129,Vote share CDM (%),20
2008 Adjara Supreme Council - Majoritarian,Precinct,22,79-22,Total Turnout (#),507,Total Turnout (%),36.7658,Vote share United Communist Party (%),2.3669,Vote share Georgian Group (%),2.7613,Vote share Industry Will Save Georgia (%),1.1834,Vote share We Ourselves (%),1.7751,Vote share United National Movement (%),66.6667,Vote share CDM (%),25.2465
2008 Adjara Supreme Council - Majoritarian,Precinct,23,79-23,Total Turnout (#),532,Total Turnout (%),37.2288,Vote share United Communist Party (%),2.2556,Vote share Georgian Group (%),2.2556,Vote share Industry Will Save Georgia (%),2.4436,Vote share We Ourselves (%),4.5113,Vote share United National Movement (%),72.9323,Vote share CDM (%),15.2256
2008 Adjara Supreme Council - Majoritarian,Precinct,24,79-24,Total Turnout (#),506,Total Turnout (%),34.9206,Vote share United Communist Party (%),2.1739,Vote share Georgian Group (%),1.3834,Vote share Industry Will Save Georgia (%),1.9763,Vote share We Ourselves (%),3.3597,Vote share United National Movement (%),68.5771,Vote share CDM (%),22.5296
2008 Adjara Supreme Council - Majoritarian,Precinct,25,79-25,Total Turnout (#),409,Total Turnout (%),31.1738,Vote share United Communist Party (%),2.445,Vote share Georgian Group (%),2.2005,Vote share Industry Will Save Georgia (%),1.7115,Vote share We Ourselves (%),0,Vote share United National Movement (%),71.8826,Vote share CDM (%),20.0489
2008 Adjara Supreme Council - Majoritarian,Precinct,26,79-26,Total Turnout (#),431,Total Turnout (%),29.5003,Vote share United Communist Party (%),2.3202,Vote share Georgian Group (%),0.9281,Vote share Industry Will Save Georgia (%),0.6961,Vote share We Ourselves (%),2.0882,Vote share United National Movement (%),60.0928,Vote share CDM (%),33.8747
2008 Adjara Supreme Council - Majoritarian,Precinct,27,79-27,Total Turnout (#),447,Total Turnout (%),30.7005,Vote share United Communist Party (%),2.6846,Vote share Georgian Group (%),1.7897,Vote share Industry Will Save Georgia (%),1.566,Vote share We Ourselves (%),3.132,Vote share United National Movement (%),76.2864,Vote share CDM (%),14.5414
2008 Adjara Supreme Council - Majoritarian,Precinct,28,79-28,Total Turnout (#),389,Total Turnout (%),28.7085,Vote share United Communist Party (%),6.1697,Vote share Georgian Group (%),1.5424,Vote share Industry Will Save Georgia (%),2.5707,Vote share We Ourselves (%),3.599,Vote share United National Movement (%),75.5784,Vote share CDM (%),10.5398
2008 Adjara Supreme Council - Majoritarian,Precinct,29,79-29,Total Turnout (#),343,Total Turnout (%),26.2032,Vote share United Communist Party (%),5.2478,Vote share Georgian Group (%),3.4985,Vote share Industry Will Save Georgia (%),9.621,Vote share We Ourselves (%),1.4577,Vote share United National Movement (%),61.8076,Vote share CDM (%),18.3673
2008 Adjara Supreme Council - Majoritarian,Precinct,30,79-30,Total Turnout (#),498,Total Turnout (%),32.5065,Vote share United Communist Party (%),5.0201,Vote share Georgian Group (%),3.012,Vote share Industry Will Save Georgia (%),2.2088,Vote share We Ourselves (%),1.2048,Vote share United National Movement (%),72.49,Vote share CDM (%),16.0643
2008 Adjara Supreme Council - Majoritarian,Precinct,31,79-31,Total Turnout (#),431,Total Turnout (%),31.0295,Vote share United Communist Party (%),3.2483,Vote share Georgian Group (%),2.5522,Vote share Industry Will Save Georgia (%),2.3202,Vote share We Ourselves (%),2.3202,Vote share United National Movement (%),74.71,Vote share CDM (%),14.8492
2008 Adjara Supreme Council - Majoritarian,Precinct,32,79-32,Total Turnout (#),341,Total Turnout (%),23.9466,Vote share United Communist Party (%),2.6393,Vote share Georgian Group (%),1.4663,Vote share Industry Will Save Georgia (%),3.2258,Vote share We Ourselves (%),2.0528,Vote share United National Movement (%),70.9677,Vote share CDM (%),19.6481
2008 Adjara Supreme Council - Majoritarian,Precinct,33,79-33,Total Turnout (#),396,Total Turnout (%),28.0453,Vote share United Communist Party (%),2.2727,Vote share Georgian Group (%),2.7778,Vote share Industry Will Save Georgia (%),1.0101,Vote share We Ourselves (%),2.5253,Vote share United National Movement (%),71.7172,Vote share CDM (%),19.697
2008 Adjara Supreme Council - Majoritarian,Precinct,34,79-34,Total Turnout (#),333,Total Turnout (%),28.1964,Vote share United Communist Party (%),1.5015,Vote share Georgian Group (%),6.9069,Vote share Industry Will Save Georgia (%),4.2042,Vote share We Ourselves (%),1.5015,Vote share United National Movement (%),68.7688,Vote share CDM (%),17.1171
2008 Adjara Supreme Council - Majoritarian,Precinct,35,79-35,Total Turnout (#),418,Total Turnout (%),31.405,Vote share United Communist Party (%),3.8278,Vote share Georgian Group (%),1.4354,Vote share Industry Will Save Georgia (%),4.7847,Vote share We Ourselves (%),1.9139,Vote share United National Movement (%),67.4641,Vote share CDM (%),20.5742
2008 Adjara Supreme Council - Majoritarian,Precinct,36,79-36,Total Turnout (#),433,Total Turnout (%),30.1113,Vote share United Communist Party (%),2.7714,Vote share Georgian Group (%),1.8476,Vote share Industry Will Save Georgia (%),1.8476,Vote share We Ourselves (%),2.3095,Vote share United National Movement (%),71.1316,Vote share CDM (%),20.0924
2008 Adjara Supreme Council - Majoritarian,Precinct,37,79-37,Total Turnout (#),440,Total Turnout (%),33.8722,Vote share United Communist Party (%),2.5,Vote share Georgian Group (%),2.2727,Vote share Industry Will Save Georgia (%),2.7273,Vote share We Ourselves (%),3.6364,Vote share United National Movement (%),69.0909,Vote share CDM (%),19.7727
2008 Adjara Supreme Council - Majoritarian,Precinct,38,79-38,Total Turnout (#),590,Total Turnout (%),39.3333,Vote share United Communist Party (%),2.7119,Vote share Georgian Group (%),1.0169,Vote share Industry Will Save Georgia (%),0.8475,Vote share We Ourselves (%),3.7288,Vote share United National Movement (%),72.8814,Vote share CDM (%),18.8136
2008 Adjara Supreme Council - Majoritarian,Precinct,39,79-39,Total Turnout (#),364,Total Turnout (%),27.8075,Vote share United Communist Party (%),2.7473,Vote share Georgian Group (%),1.0989,Vote share Industry Will Save Georgia (%),2.7473,Vote share We Ourselves (%),2.7473,Vote share United National Movement (%),65.6593,Vote share CDM (%),25
2008 Adjara Supreme Council - Majoritarian,Precinct,40,79-40,Total Turnout (#),455,Total Turnout (%),38.2353,Vote share United Communist Party (%),0.8791,Vote share Georgian Group (%),0.6593,Vote share Industry Will Save Georgia (%),1.5385,Vote share We Ourselves (%),2.4176,Vote share United National Movement (%),71.6484,Vote share CDM (%),22.8571
2008 Adjara Supreme Council - Majoritarian,Precinct,41,79-41,Total Turnout (#),406,Total Turnout (%),34.3486,Vote share United Communist Party (%),1.9704,Vote share Georgian Group (%),2.4631,Vote share Industry Will Save Georgia (%),1.2315,Vote share We Ourselves (%),6.4039,Vote share United National Movement (%),70.6897,Vote share CDM (%),16.7488
2008 Adjara Supreme Council - Majoritarian,Precinct,42,79-42,Total Turnout (#),428,Total Turnout (%),29.681,Vote share United Communist Party (%),2.8037,Vote share Georgian Group (%),1.8692,Vote share Industry Will Save Georgia (%),1.8692,Vote share We Ourselves (%),6.0748,Vote share United National Movement (%),66.1215,Vote share CDM (%),21.2617
2008 Adjara Supreme Council - Majoritarian,Precinct,43,79-43,Total Turnout (#),475,Total Turnout (%),38.0304,Vote share United Communist Party (%),2.3158,Vote share Georgian Group (%),1.4737,Vote share Industry Will Save Georgia (%),1.0526,Vote share We Ourselves (%),5.4737,Vote share United National Movement (%),71.5789,Vote share CDM (%),18.1053
2008 Adjara Supreme Council - Majoritarian,Precinct,44,79-44,Total Turnout (#),374,Total Turnout (%),25.4768,Vote share United Communist Party (%),2.4064,Vote share Georgian Group (%),0.5348,Vote share Industry Will Save Georgia (%),0.5348,Vote share We Ourselves (%),2.4064,Vote share United National Movement (%),84.492,Vote share CDM (%),9.6257
2008 Adjara Supreme Council - Majoritarian,Precinct,45,79-45,Total Turnout (#),496,Total Turnout (%),35.2023,Vote share United Communist Party (%),3.629,Vote share Georgian Group (%),1.4113,Vote share Industry Will Save Georgia (%),1.6129,Vote share We Ourselves (%),2.621,Vote share United National Movement (%),68.5484,Vote share CDM (%),22.1774
2008 Adjara Supreme Council - Majoritarian,Precinct,46,79-46,Total Turnout (#),346,Total Turnout (%),26.4122,Vote share United Communist Party (%),2.6012,Vote share Georgian Group (%),2.6012,Vote share Industry Will Save Georgia (%),2.3121,Vote share We Ourselves (%),2.3121,Vote share United National Movement (%),64.4509,Vote share CDM (%),24.2775
2008 Adjara Supreme Council - Majoritarian,Precinct,47,79-47,Total Turnout (#),560,Total Turnout (%),39.2157,Vote share United Communist Party (%),1.9643,Vote share Georgian Group (%),1.25,Vote share Industry Will Save Georgia (%),1.9643,Vote share We Ourselves (%),2.5,Vote share United National Movement (%),71.0714,Vote share CDM (%),21.25
2008 Adjara Supreme Council - Majoritarian,Precinct,48,79-48,Total Turnout (#),306,Total Turnout (%),21.7021,Vote share United Communist Party (%),3.5948,Vote share Georgian Group (%),5.2288,Vote share Industry Will Save Georgia (%),1.9608,Vote share We Ourselves (%),2.2876,Vote share United National Movement (%),66.9935,Vote share CDM (%),19.9346
2008 Adjara Supreme Council - Majoritarian,Precinct,49,79-49,Total Turnout (#),381,Total Turnout (%),31.5659,Vote share United Communist Party (%),0.7874,Vote share Georgian Group (%),2.8871,Vote share Industry Will Save Georgia (%),2.3622,Vote share We Ourselves (%),2.3622,Vote share United National Movement (%),80.315,Vote share CDM (%),11.2861
2008 Adjara Supreme Council - Majoritarian,Precinct,50,79-50,Total Turnout (#),465,Total Turnout (%),32.2693,Vote share United Communist Party (%),3.2258,Vote share Georgian Group (%),1.7204,Vote share Industry Will Save Georgia (%),1.5054,Vote share We Ourselves (%),4.086,Vote share United National Movement (%),64.9462,Vote share CDM (%),24.5161
2008 Adjara Supreme Council - Majoritarian,Precinct,51,79-51,Total Turnout (#),393,Total Turnout (%),27.7347,Vote share United Communist Party (%),2.2901,Vote share Georgian Group (%),4.0712,Vote share Industry Will Save Georgia (%),4.0712,Vote share We Ourselves (%),1.5267,Vote share United National Movement (%),76.0814,Vote share CDM (%),17.0483
2008 Adjara Supreme Council - Majoritarian,Precinct,52,79-52,Total Turnout (#),447,Total Turnout (%),31.3904,Vote share United Communist Party (%),1.566,Vote share Georgian Group (%),5.5928,Vote share Industry Will Save Georgia (%),4.4743,Vote share We Ourselves (%),3.132,Vote share United National Movement (%),72.2595,Vote share CDM (%),12.9754
2008 Adjara Supreme Council - Majoritarian,Precinct,53,79-53,Total Turnout (#),380,Total Turnout (%),27.4368,Vote share United Communist Party (%),6.5789,Vote share Georgian Group (%),8.1579,Vote share Industry Will Save Georgia (%),4.7368,Vote share We Ourselves (%),2.3684,Vote share United National Movement (%),65,Vote share CDM (%),13.1579
2008 Adjara Supreme Council - Majoritarian,Precinct,54,79-54,Total Turnout (#),312,Total Turnout (%),28.4153,Vote share United Communist Party (%),4.1667,Vote share Georgian Group (%),2.8846,Vote share Industry Will Save Georgia (%),3.2051,Vote share We Ourselves (%),1.9231,Vote share United National Movement (%),69.8718,Vote share CDM (%),17.9487
2008 Adjara Supreme Council - Majoritarian,Precinct,55,79-55,Total Turnout (#),345,Total Turnout (%),26.4571,Vote share United Communist Party (%),3.1884,Vote share Georgian Group (%),3.4783,Vote share Industry Will Save Georgia (%),2.029,Vote share We Ourselves (%),0,Vote share United National Movement (%),76.2319,Vote share CDM (%),15.0725
2008 Adjara Supreme Council - Majoritarian,Precinct,56,79-56,Total Turnout (#),465,Total Turnout (%),30.6931,Vote share United Communist Party (%),1.9355,Vote share Georgian Group (%),4.086,Vote share Industry Will Save Georgia (%),3.6559,Vote share We Ourselves (%),1.7204,Vote share United National Movement (%),75.914,Vote share CDM (%),12.6882
2008 Adjara Supreme Council - Majoritarian,Precinct,57,79-57,Total Turnout (#),457,Total Turnout (%),32.4113,Vote share United Communist Party (%),1.9694,Vote share Georgian Group (%),1.7505,Vote share Industry Will Save Georgia (%),2.1882,Vote share We Ourselves (%),2.6258,Vote share United National Movement (%),74.8359,Vote share CDM (%),16.6302
2008 Adjara Supreme Council - Majoritarian,Precinct,58,79-58,Total Turnout (#),421,Total Turnout (%),29.1956,Vote share United Communist Party (%),1.6627,Vote share Georgian Group (%),1.1876,Vote share Industry Will Save Georgia (%),2.1378,Vote share We Ourselves (%),2.8504,Vote share United National Movement (%),67.4584,Vote share CDM (%),24.7031
2008 Adjara Supreme Council - Majoritarian,Precinct,59,79-59,Total Turnout (#),398,Total Turnout (%),30.6862,Vote share United Communist Party (%),1.7588,Vote share Georgian Group (%),1.7588,Vote share Industry Will Save Georgia (%),1.7588,Vote share We Ourselves (%),1.7588,Vote share United National Movement (%),70.1005,Vote share CDM (%),22.8643
2008 Adjara Supreme Council - Majoritarian,Precinct,60,79-60,Total Turnout (#),323,Total Turnout (%),25.5134,Vote share United Communist Party (%),2.7864,Vote share Georgian Group (%),2.7864,Vote share Industry Will Save Georgia (%),1.548,Vote share We Ourselves (%),4.9536,Vote share United National Movement (%),74.3034,Vote share CDM (%),13.6223
2008 Adjara Supreme Council - Majoritarian,Precinct,61,79-61,Total Turnout (#),468,Total Turnout (%),30.9729,Vote share United Communist Party (%),1.0684,Vote share Georgian Group (%),1.0684,Vote share Industry Will Save Georgia (%),0.8547,Vote share We Ourselves (%),2.1368,Vote share United National Movement (%),72.8632,Vote share CDM (%),22.0085
2008 Adjara Supreme Council - Majoritarian,Precinct,62,79-62,Total Turnout (#),459,Total Turnout (%),30.7641,Vote share United Communist Party (%),3.268,Vote share Georgian Group (%),1.5251,Vote share Industry Will Save Georgia (%),1.7429,Vote share We Ourselves (%),2.6144,Vote share United National Movement (%),71.024,Vote share CDM (%),19.8257
2008 Adjara Supreme Council - Majoritarian,Precinct,63,79-63,Total Turnout (#),349,Total Turnout (%),27.8309,Vote share United Communist Party (%),1.1461,Vote share Georgian Group (%),2.5788,Vote share Industry Will Save Georgia (%),3.4384,Vote share We Ourselves (%),2.5788,Vote share United National Movement (%),69.6275,Vote share CDM (%),20.6304
2008 Adjara Supreme Council - Majoritarian,Precinct,64,79-64,Total Turnout (#),357,Total Turnout (%),29.1667,Vote share United Communist Party (%),1.4006,Vote share Georgian Group (%),1.4006,Vote share Industry Will Save Georgia (%),0.5602,Vote share We Ourselves (%),1.9608,Vote share United National Movement (%),86.5546,Vote share CDM (%),8.1232
2008 Adjara Supreme Council - Majoritarian,Precinct,65,79-65,Total Turnout (#),428,Total Turnout (%),29.3151,Vote share United Communist Party (%),2.3364,Vote share Georgian Group (%),5.1402,Vote share Industry Will Save Georgia (%),2.8037,Vote share We Ourselves (%),1.6355,Vote share United National Movement (%),75.4673,Vote share CDM (%),12.6168
2008 Adjara Supreme Council - Majoritarian,Precinct,66,79-66,Total Turnout (#),275,Total Turnout (%),24.8644,Vote share United Communist Party (%),1.0909,Vote share Georgian Group (%),5.4545,Vote share Industry Will Save Georgia (%),4,Vote share We Ourselves (%),4,Vote share United National Movement (%),70.5455,Vote share CDM (%),13.8182
2008 Adjara Supreme Council - Majoritarian,Precinct,67,79-67,Total Turnout (#),395,Total Turnout (%),26.9441,Vote share United Communist Party (%),2.5316,Vote share Georgian Group (%),2.5316,Vote share Industry Will Save Georgia (%),3.038,Vote share We Ourselves (%),3.038,Vote share United National Movement (%),66.5823,Vote share CDM (%),22.2785
2008 Adjara Supreme Council - Majoritarian,Precinct,68,79-68,Total Turnout (#),434,Total Turnout (%),31.702,Vote share United Communist Party (%),2.9954,Vote share Georgian Group (%),1.8433,Vote share Industry Will Save Georgia (%),1.6129,Vote share We Ourselves (%),4.1475,Vote share United National Movement (%),70.5069,Vote share CDM (%),18.894
2008 Adjara Supreme Council - Majoritarian,Precinct,69,79-69,Total Turnout (#),340,Total Turnout (%),31.7164,Vote share United Communist Party (%),5.2941,Vote share Georgian Group (%),2.0588,Vote share Industry Will Save Georgia (%),2.3529,Vote share We Ourselves (%),1.7647,Vote share United National Movement (%),65.2941,Vote share CDM (%),23.2353
2008 Adjara Supreme Council - Majoritarian,Precinct,70,79-70,Total Turnout (#),255,Total Turnout (%),35.0275,Vote share United Communist Party (%),3.9216,Vote share Georgian Group (%),1.5686,Vote share Industry Will Save Georgia (%),2.7451,Vote share We Ourselves (%),1.5686,Vote share United National Movement (%),74.5098,Vote share CDM (%),15.6863
2008 Adjara Supreme Council - Majoritarian,Precinct,71,79-71,Total Turnout (#),410,Total Turnout (%),26.6234,Vote share United Communist Party (%),2.9268,Vote share Georgian Group (%),5.122,Vote share Industry Will Save Georgia (%),3.4146,Vote share We Ourselves (%),2.1951,Vote share United National Movement (%),69.5122,Vote share CDM (%),16.8293
2008 Adjara Supreme Council - Majoritarian,Precinct,72,79-72,Total Turnout (#),258,Total Turnout (%),17.2,Vote share United Communist Party (%),5.0388,Vote share Georgian Group (%),5.4264,Vote share Industry Will Save Georgia (%),2.7132,Vote share We Ourselves (%),5.814,Vote share United National Movement (%),56.5891,Vote share CDM (%),24.4186
2008 Adjara Supreme Council - Majoritarian,Precinct,73,79-73,Total Turnout (#),272,Total Turnout (%),24.8856,Vote share United Communist Party (%),1.8382,Vote share Georgian Group (%),4.4118,Vote share Industry Will Save Georgia (%),1.4706,Vote share We Ourselves (%),5.5147,Vote share United National Movement (%),63.6029,Vote share CDM (%),23.1618
2008 Adjara Supreme Council - Majoritarian,Precinct,74,79-74,Total Turnout (#),381,Total Turnout (%),82.8261,Vote share United Communist Party (%),0.5249,Vote share Georgian Group (%),0.2625,Vote share Industry Will Save Georgia (%),0.7874,Vote share We Ourselves (%),0.5249,Vote share United National Movement (%),94.4882,Vote share CDM (%),3.4121
2008 Adjara Supreme Council - Majoritarian,Precinct,75,79-75,Total Turnout (#),NULL,Total Turnout (%),NULL,Vote share United Communist Party (%),NULL,Vote share Georgian Group (%),NULL,Vote share Industry Will Save Georgia (%),NULL,Vote share We Ourselves (%),NULL,Vote share United National Movement (%),NULL,Vote share CDM (%),NULL
2008 Adjara Supreme Council - Majoritarian,Precinct,1,80-1,Total Turnout (#),574,Total Turnout (%),45.9568,Vote share United Communist Party (%),NULL,Vote share Georgian Group (%),4.1812,Vote share Industry Will Save Georgia (%),1.7422,Vote share We Ourselves (%),NULL,Vote share United National Movement (%),69.1638,Vote share CDM (%),24.9129
2008 Adjara Supreme Council - Majoritarian,Precinct,2,80-2,Total Turnout (#),498,Total Turnout (%),61.4057,Vote share United Communist Party (%),NULL,Vote share Georgian Group (%),2.6104,Vote share Industry Will Save Georgia (%),3.6145,Vote share We Ourselves (%),NULL,Vote share United National Movement (%),78.1124,Vote share CDM (%),15.6627
2008 Adjara Supreme Council - Majoritarian,Precinct,3,80-3,Total Turnout (#),221,Total Turnout (%),72.2222,Vote share United Communist Party (%),NULL,Vote share Georgian Group (%),0.4525,Vote share Industry Will Save Georgia (%),1.3575,Vote share We Ourselves (%),NULL,Vote share United National Movement (%),84.6154,Vote share CDM (%),13.5747
2008 Adjara Supreme Council - Majoritarian,Precinct,4,80-4,Total Turnout (#),254,Total Turnout (%),54.3897,Vote share United Communist Party (%),NULL,Vote share Georgian Group (%),1.9685,Vote share Industry Will Save Georgia (%),1.5748,Vote share We Ourselves (%),NULL,Vote share United National Movement (%),71.2598,Vote share CDM (%),25.1969
2008 Adjara Supreme Council - Majoritarian,Precinct,5,80-5,Total Turnout (#),180,Total Turnout (%),61.4334,Vote share United Communist Party (%),NULL,Vote share Georgian Group (%),1.1111,Vote share Industry Will Save Georgia (%),2.2222,Vote share We Ourselves (%),NULL,Vote share United National Movement (%),76.1111,Vote share CDM (%),20.5556
2008 Adjara Supreme Council - Majoritarian,Precinct,6,80-6,Total Turnout (#),268,Total Turnout (%),65.8477,Vote share United Communist Party (%),NULL,Vote share Georgian Group (%),2.6119,Vote share Industry Will Save Georgia (%),1.8657,Vote share We Ourselves (%),NULL,Vote share United National Movement (%),85.4478,Vote share CDM (%),10.0746
2008 Adjara Supreme Council - Majoritarian,Precinct,7,80-7,Total Turnout (#),214,Total Turnout (%),66.4596,Vote share United Communist Party (%),NULL,Vote share Georgian Group (%),5.1402,Vote share Industry Will Save Georgia (%),0.4673,Vote share We Ourselves (%),NULL,Vote share United National Movement (%),78.5047,Vote share CDM (%),15.8879
2008 Adjara Supreme Council - Majoritarian,Precinct,8,80-8,Total Turnout (#),191,Total Turnout (%),72.9008,Vote share United Communist Party (%),NULL,Vote share Georgian Group (%),1.5707,Vote share Industry Will Save Georgia (%),0.5236,Vote share We Ourselves (%),NULL,Vote share United National Movement (%),91.623,Vote share CDM (%),6.2827
2008 Adjara Supreme Council - Majoritarian,Precinct,9,80-9,Total Turnout (#),284,Total Turnout (%),91.9094,Vote share United Communist Party (%),NULL,Vote share Georgian Group (%),0.3521,Vote share Industry Will Save Georgia (%),1.0563,Vote share We Ourselves (%),NULL,Vote share United National Movement (%),91.9014,Vote share CDM (%),6.6901
2008 Adjara Supreme Council - Majoritarian,Precinct,10,80-10,Total Turnout (#),350,Total Turnout (%),57.6606,Vote share United Communist Party (%),NULL,Vote share Georgian Group (%),0.8571,Vote share Industry Will Save Georgia (%),2.5714,Vote share We Ourselves (%),NULL,Vote share United National Movement (%),82.5714,Vote share CDM (%),14
2008 Adjara Supreme Council - Majoritarian,Precinct,11,80-11,Total Turnout (#),215,Total Turnout (%),60.3933,Vote share United Communist Party (%),NULL,Vote share Georgian Group (%),1.8605,Vote share Industry Will Save Georgia (%),3.2558,Vote share We Ourselves (%),NULL,Vote share United National Movement (%),82.7907,Vote share CDM (%),12.093
2008 Adjara Supreme Council - Majoritarian,Precinct,12,80-12,Total Turnout (#),267,Total Turnout (%),66.2531,Vote share United Communist Party (%),NULL,Vote share Georgian Group (%),0.7491,Vote share Industry Will Save Georgia (%),2.2472,Vote share We Ourselves (%),NULL,Vote share United National Movement (%),43.4457,Vote share CDM (%),53.5581
2008 Adjara Supreme Council - Majoritarian,Precinct,13,80-13,Total Turnout (#),299,Total Turnout (%),64.7186,Vote share United Communist Party (%),NULL,Vote share Georgian Group (%),0.6689,Vote share Industry Will Save Georgia (%),2.6756,Vote share We Ourselves (%),NULL,Vote share United National Movement (%),78.5953,Vote share CDM (%),18.0602
2008 Adjara Supreme Council - Majoritarian,Precinct,14,80-14,Total Turnout (#),380,Total Turnout (%),59.4679,Vote share United Communist Party (%),NULL,Vote share Georgian Group (%),0.7895,Vote share Industry Will Save Georgia (%),2.3684,Vote share We Ourselves (%),NULL,Vote share United National Movement (%),78.4211,Vote share CDM (%),18.4211
2008 Adjara Supreme Council - Majoritarian,Precinct,15,80-15,Total Turnout (#),487,Total Turnout (%),87.276,Vote share United Communist Party (%),NULL,Vote share Georgian Group (%),1.4374,Vote share Industry Will Save Georgia (%),9.6509,Vote share We Ourselves (%),NULL,Vote share United National Movement (%),68.3778,Vote share CDM (%),20.5339
2008 Adjara Supreme Council - Majoritarian,Precinct,16,80-16,Total Turnout (#),416,Total Turnout (%),56.2162,Vote share United Communist Party (%),NULL,Vote share Georgian Group (%),0.7212,Vote share Industry Will Save Georgia (%),13.9423,Vote share We Ourselves (%),NULL,Vote share United National Movement (%),73.7981,Vote share CDM (%),11.5385
2008 Adjara Supreme Council - Majoritarian,Precinct,17,80-17,Total Turnout (#),326,Total Turnout (%),59.2727,Vote share United Communist Party (%),NULL,Vote share Georgian Group (%),0.3067,Vote share Industry Will Save Georgia (%),24.2331,Vote share We Ourselves (%),NULL,Vote share United National Movement (%),53.0675,Vote share CDM (%),22.3926
2008 Adjara Supreme Council - Majoritarian,Precinct,18,80-18,Total Turnout (#),678,Total Turnout (%),78.6543,Vote share United Communist Party (%),NULL,Vote share Georgian Group (%),1.0324,Vote share Industry Will Save Georgia (%),1.1799,Vote share We Ourselves (%),NULL,Vote share United National Movement (%),91.0029,Vote share CDM (%),6.7847
2008 Adjara Supreme Council - Majoritarian,Precinct,19,80-19,Total Turnout (#),139,Total Turnout (%),83.2335,Vote share United Communist Party (%),NULL,Vote share Georgian Group (%),0,Vote share Industry Will Save Georgia (%),0.7194,Vote share We Ourselves (%),NULL,Vote share United National Movement (%),88.4892,Vote share CDM (%),10.7914
2008 Adjara Supreme Council - Majoritarian,Precinct,20,80-20,Total Turnout (#),375,Total Turnout (%),75.1503,Vote share United Communist Party (%),NULL,Vote share Georgian Group (%),0.8,Vote share Industry Will Save Georgia (%),1.0667,Vote share We Ourselves (%),NULL,Vote share United National Movement (%),90.1333,Vote share CDM (%),8
2008 Adjara Supreme Council - Majoritarian,Precinct,21,80-21,Total Turnout (#),205,Total Turnout (%),76.779,Vote share United Communist Party (%),NULL,Vote share Georgian Group (%),0,Vote share Industry Will Save Georgia (%),3.4146,Vote share We Ourselves (%),NULL,Vote share United National Movement (%),82.439,Vote share CDM (%),14.1463
2008 Adjara Supreme Council - Majoritarian,Precinct,22,80-22,Total Turnout (#),305,Total Turnout (%),59.9214,Vote share United Communist Party (%),NULL,Vote share Georgian Group (%),2.2951,Vote share Industry Will Save Georgia (%),3.9344,Vote share We Ourselves (%),NULL,Vote share United National Movement (%),74.4262,Vote share CDM (%),19.3443
2008 Adjara Supreme Council - Majoritarian,Precinct,23,80-23,Total Turnout (#),381,Total Turnout (%),91.1483,Vote share United Communist Party (%),NULL,Vote share Georgian Group (%),0.5249,Vote share Industry Will Save Georgia (%),3.1496,Vote share We Ourselves (%),NULL,Vote share United National Movement (%),82.9396,Vote share CDM (%),13.3858
2008 Adjara Supreme Council - Majoritarian,Precinct,24,80-24,Total Turnout (#),159,Total Turnout (%),68.5345,Vote share United Communist Party (%),NULL,Vote share Georgian Group (%),0.6289,Vote share Industry Will Save Georgia (%),1.2579,Vote share We Ourselves (%),NULL,Vote share United National Movement (%),86.1635,Vote share CDM (%),11.9497
2008 Adjara Supreme Council - Majoritarian,Precinct,25,80-25,Total Turnout (#),453,Total Turnout (%),84.0445,Vote share United Communist Party (%),NULL,Vote share Georgian Group (%),2.4283,Vote share Industry Will Save Georgia (%),1.3245,Vote share We Ourselves (%),NULL,Vote share United National Movement (%),91.8322,Vote share CDM (%),4.415
2008 Adjara Supreme Council - Majoritarian,Precinct,26,80-26,Total Turnout (#),326,Total Turnout (%),61.2782,Vote share United Communist Party (%),NULL,Vote share Georgian Group (%),1.227,Vote share Industry Will Save Georgia (%),3.0675,Vote share We Ourselves (%),NULL,Vote share United National Movement (%),88.3436,Vote share CDM (%),7.362
2008 Adjara Supreme Council - Majoritarian,Precinct,27,80-27,Total Turnout (#),461,Total Turnout (%),88.8247,Vote share United Communist Party (%),NULL,Vote share Georgian Group (%),0,Vote share Industry Will Save Georgia (%),1.0846,Vote share We Ourselves (%),NULL,Vote share United National Movement (%),82.8633,Vote share CDM (%),16.0521
2008 Adjara Supreme Council - Majoritarian,Precinct,28,80-28,Total Turnout (#),304,Total Turnout (%),84.2105,Vote share United Communist Party (%),NULL,Vote share Georgian Group (%),0,Vote share Industry Will Save Georgia (%),1.3158,Vote share We Ourselves (%),NULL,Vote share United National Movement (%),81.25,Vote share CDM (%),17.4342
2008 Adjara Supreme Council - Majoritarian,Precinct,29,80-29,Total Turnout (#),430,Total Turnout (%),49.3685,Vote share United Communist Party (%),NULL,Vote share Georgian Group (%),2.5581,Vote share Industry Will Save Georgia (%),1.1628,Vote share We Ourselves (%),NULL,Vote share United National Movement (%),87.6744,Vote share CDM (%),8.6047
2008 Adjara Supreme Council - Majoritarian,Precinct,30,80-30,Total Turnout (#),258,Total Turnout (%),80.625,Vote share United Communist Party (%),NULL,Vote share Georgian Group (%),0.7752,Vote share Industry Will Save Georgia (%),0.3876,Vote share We Ourselves (%),NULL,Vote share United National Movement (%),96.8992,Vote share CDM (%),1.938
2008 Adjara Supreme Council - Majoritarian,Precinct,31,80-31,Total Turnout (#),307,Total Turnout (%),61.6466,Vote share United Communist Party (%),NULL,Vote share Georgian Group (%),0.9772,Vote share Industry Will Save Georgia (%),0.3257,Vote share We Ourselves (%),NULL,Vote share United National Movement (%),87.9479,Vote share CDM (%),10.7492
