Event, Shape Type, Common ID, Common Name, en: Indicator Name,,,,,,,,,,,,,,,,,,,,,,,,,,,,,,,,,,,,,,,,,,,
2008 Adjara Supreme Council - Majoritarian,Country,Georgia,Georgia,Total Turnout (%),42.826,Total Turnout (#),94734,Vote share CDM (%),14.0636,Vote share Georgian Group (%),1.9222,Vote share Industry Will Save Georgia (%),1.8029,Vote share United Communist Party (%),1.5274,Vote share United National Movement (%),78.5315,Vote share We Ourselves (%),2.069,,,,,,,,,,,,,,,,,,,,,,,,,,,,
2008 Adjara Supreme Council - Majoritarian Re-run,Country,Georgia,Georgia,Total Turnout (%),8.5413,Total Turnout (#),6153,Vote share CDM (%),63.7413,Vote share Georgian Group (%),19.1776,Vote share United Communist Party (%),16.9511,,,,,,,,,,,,,,,,,,,,,,,,,,,,,,,,,,
2008 Adjara Supreme Council - Party List ,Country,Georgia,Georgia,Total Turnout (%),15.9926,Total Turnout (#),11847,Vote share CDM (%),27.0533,Vote share Georgian Group (%),0.65,Vote share Industry Will Save Georgia (%),2.1187,Vote share United Communist Party (%),3.3848,Vote share United National Movement (%),59.8042,Vote share We Ourselves (%),6.93,,,,,,,,,,,,,,,,,,,,,,,,,,,,
2008 Adjara Supreme Council - Party List Re-run,Country,Georgia,Georgia,Number of Precincts with votes per minute > 3 (08:00-12:00),0,Number of Precincts with votes per minute > 3 (12:00-15:00),0,Number of Precincts with votes per minute > 3 (15:00-20:00),1,Total Turnout (%),36.6966,Total Turnout (#),106372,Vote share CDM (%),16.5166,Vote share Georgian Group (%),1.5305,Vote share Industry Will Save Georgia (%),1.491,Vote share United Communist Party (%),1.7204,Vote share United National Movement (%),76.2372,Vote share We Ourselves (%),2.8429,,,,,,,,,,,,,,,,,,,,,,
2008 Parliamentary Bi-election - Majoritarian,Country,Georgia,Georgia,Number of Precincts with votes per minute > 3 (08:00-12:00),1,Number of Precincts with votes per minute > 3 (12:00-17:00),0,Number of Precincts with votes per minute > 3 (17:00-20:00),1,Total Turnout (%),8.4982,Total Turnout (#),14289,Vote share CDM (%),20.5753,Vote share Georgian Group (%),20.9252,Vote share National Democratic Party of Georgia (%),36.8955,Vote share National Party of Radical Democrats of Georgia (%),5.0668,Vote share We Ourselves (%),16.5372,,,,,,,,,,,,,,,,,,,,,,,,
2008 Parliamentary - Majoritarian,Country,Georgia,Georgia,Number of Precincts with votes per minute > 3 (08:00-12:00),8,Number of Precincts with votes per minute > 3 (12:00-17:00),5,Number of Precincts with votes per minute > 3 (17:00-20:00),46,Total Turnout (%),51.0264,Total Turnout (#),1771211,Vote share CDM (%),3.9903,Vote share Christian Democratic Alliance (%),1.7098,Vote share Georgian Politics (%),0.5156,Vote share Labour (%),4.7663,Vote share National Party of Radical Democrats of Georgia (%),0.1443,Vote share Our Country (%),0.0981,Vote share Republican party (%),5.2561,Vote share Right Wing Alliance Topadze Industrialists (%),1.1091,Vote share Sportsman's Union (%),0.0023,Vote share Traditionalists - Our Georgia and Women's Party (%),0.5246,Vote share United Opposition (%),19.4313,Vote share UNM (%),61.5792,,,,,,,,,,
2008 Parliamentary - Party List,Country,Georgia,Georgia,Number of Precincts with votes per minute > 3 (08:00-12:00),7,Number of Precincts with votes per minute > 3 (12:00-17:00),4,Number of Precincts with votes per minute > 3 (17:00-20:00),60,Total Turnout (%),50.8025,Total Turnout (#),1774647,Vote share CDM (%),8.6529,Vote share Christian Democratic Alliance (%),0.8936,Vote share Georgian Politics (%),0.4659,Vote share Labour (%),7.4756,Vote share National Party of Radical Democrats of Georgia (%),0.1797,Vote share Our Country (%),0.1267,Vote share Republican party (%),3.8184,Vote share Right Wing Alliance Topadze Industrialists (%),0.9281,Vote share Sportsman's Union (%),0.191,Vote share Traditionalists - Our Georgia and Women's Party (%),0.4595,Vote share United Opposition (%),17.798,Vote share UNM (%),59.6945,,,,,,,,,,
2008 Presidential,Country,Georgia,Georgia,Number of Precincts with votes per minute > 3 (08:00-12:00),6,Number of Precincts with votes per minute > 3 (12:00-17:00),6,Number of Precincts with votes per minute > 3 (17:00-20:00),58,Total Turnout (%),53.2399,Total Turnout (#),1863069,Vote share Arkadi (Badri) Patarkatsishvili (%),7.4279,Vote share Davit Gamkrelidze (%),4.1765,Vote share Giorgi (Gia) Maisashvili (%),0.7941,Vote share Irina Sarishvili-Chanturia (%),0.1669,Vote share Levan Gachechiladze (%),26.8084,Vote share Mikheil Saakashvili (%),55.191,Vote share Shalva Natelashvili (%),6.7885,,,,,,,,,,,,,,,,,,,,
2010 Local Election - Majoritarian,Country,Georgia,Georgia,Number of Precincts with votes per minute > 3 (08:00-12:00),6,Number of Precincts with votes per minute > 3 (12:00-17:00),2,Number of Precincts with votes per minute > 3 (17:00-20:00),16,Total Turnout (%),47.7055,Total Turnout (#),1678222,Vote share Alliance for Georgia (%),10.1313,Vote share CDM (%),9.0213,Vote share Freedom Party (%),0.5063,Vote share Future Georgia (%),0.0307,Vote share Ivanishvili Public Democrats (%),0.4185,Vote share Mamulishvili (%),NULL,Vote share National Council (%),6.7252,Vote share National Democratic Party (%),0.0443,Vote share National Party of Radical Democrats of Georgia (%),0.1606,Vote share Our Country (%),0.0029,Vote share Party of Future (%),0.048,Vote share Public Alliance of Whole Georgia (%),0.0932,Vote share Right Wing Alliance Topadze Industrialists (%),2.5349,Vote share Solidarity (%),0.105,Vote share Sportsman's Union (%),NULL,Vote share Tortladze Democratic Party (%),1.3398,Vote share UNM (%),68.6659
2010 Local Election - Party List,Country,Georgia,Georgia,Number of Precincts with votes per minute > 3 (08:00-12:00),7,Number of Precincts with votes per minute > 3 (12:00-17:00),3,Number of Precincts with votes per minute > 3 (17:00-20:00),24,Total Turnout (%),47.9194,Total Turnout (#),1705458,Vote share Alliance for Georgia (%),9.1788,Vote share CDM (%),11.9247,Vote share Freedom Party (%),0.324,Vote share Future Georgia (%),0.0305,Vote share Ivanishvili Public Democrats (%),0.1934,Vote share Mamulishvili (%),0.0026,Vote share National Council (%),6.7579,Vote share National Democratic Party (%),0.0501,Vote share National Party of Radical Democrats of Georgia (%),0.1819,Vote share Our Country (%),0.0216,Vote share Party of Future (%),0.0033,Vote share Public Alliance of Whole Georgia (%),0.0787,Vote share Right Wing Alliance Topadze Industrialists (%),4.1809,Vote share Solidarity (%),0.1686,Vote share Sportsman's Union (%),0.1075,Vote share Tortladze Democratic Party (%),0.9949,Vote share UNM (%),65.6505
2010 Tbilisi Mayor Election,Country,Georgia,Georgia,Number of Precincts with votes per minute > 3 (08:00-12:00),3,Number of Precincts with votes per minute > 3 (12:00-17:00),2,Number of Precincts with votes per minute > 3 (17:00-20:00),11,Total Turnout (%),45.545,Total Turnout (#),451381,Vote share Davit Iakobidze (%),0.2136,Vote share Gigi Ugulava (%),55.1539,Vote share Giorgi Chanturia (%),10.6834,Vote share Giorgi Laghidze (%),0.1405,Vote share Giorgi Topadze (%),5.1843,Vote share Irakli Alasania (%),19.0225,Vote share Nikoloz Ivanishvili (%),0.5124,Vote share Tamaz Vashadze (%),0.6538,Vote share Zviad Dzidziguri (%),8.2932,,,,,,,,,,,,,,,,
Release 2006,Country,Georgia,Georgia,Numbers of voters over 99 years old,1425,Number of voters between 85 and 99 years old,31259,Average age of voters,46.3755499819,Number of voter duplications,5216,Total Voters,3201168,,,,,,,,,,,,,,,,,,,,,,,,,,,,,,,,,,
Release 2007,Country,Georgia,Georgia,Numbers of voters over 99 years old,1330,Number of voters between 85 and 99 years old,34950,Average age of voters,46.2971625019,Number of voter duplications,34169,Total Voters,3372836,,,,,,,,,,,,,,,,,,,,,,,,,,,,,,,,,,
Release 2009,Country,Georgia,Georgia,Numbers of voters over 99 years old,1038,Number of voters between 85 and 99 years old,48773,Average age of voters,47.4051115188,Number of voter duplications,4030,Total Voters,3456830,,,,,,,,,,,,,,,,,,,,,,,,,,,,,,,,,,
Release April 2008,Country,Georgia,Georgia,Numbers of voters over 99 years old,1016,Number of voters between 85 and 99 years old,39940,Average age of voters,46.6781982928,Number of voter duplications,3885,Total Voters,3431154,,,,,,,,,,,,,,,,,,,,,,,,,,,,,,,,,,
Release February 2010,Country,Georgia,Georgia,Numbers of voters over 99 years old,989,Number of voters between 85 and 99 years old,50475,Average age of voters,46.7944902977,Number of voter duplications,4845,Total Voters,3587425,,,,,,,,,,,,,,,,,,,,,,,,,,,,,,,,,,
Release January 2008,Country,Georgia,Georgia,Numbers of voters over 99 years old,1007,Number of voters between 85 and 99 years old,42771,Average age of voters,47.0076299029,Number of voter duplications,47982,Total Voters,3406450,,,,,,,,,,,,,,,,,,,,,,,,,,,,,,,,,,
Release May 2008,Country,Georgia,Georgia,Numbers of voters over 99 years old,568,Number of voters between 85 and 99 years old,29391,Average age of voters,48.2582014813,Number of voter duplications,108,Total Voters,2395000,,,,,,,,,,,,,,,,,,,,,,,,,,,,,,,,,,
Release May 2010,Country,Georgia,Georgia,Numbers of voters over 99 years old,799,Number of voters between 85 and 99 years old,48390,Average age of voters,46.4921828626,Number of voter duplications,3885,Total Voters,3565373,,,,,,,,,,,,,,,,,,,,,,,,,,,,,,,,,,
Release May 2011,Country,Georgia,Georgia,Numbers of voters over 99 years old,946,Number of voters between 85 and 99 years old,54177,Average age of voters,46.7661820097,Number of voter duplications,3961,Total Voters,3559480,,,,,,,,,,,,,,,,,,,,,,,,,,,,,,,,,,
